hangul,hanja
가,可
가,家
가,加
가,歌
가,價
가,呵
가,哥
가,假
가,架
가,佳
가,咖
가,街
가,駕
가,傢
가,嘉
가,嫁
가,暇
가,斝
가,嘏
가,榎
가,葭
가,茄
가,珂
가,珈
가,苛
가,伽
가,笳
가,哿
가,袈
가,稼
가,賈
가,迦
가,痂
가,軻
가,仮
가,訶
가,謌
가,枷
가,跏
가,宊
가,柯
가,耞
가,舸
가,檟
가,坷
각,各
각,覺
각,卻
각,角
각,刻
각,殼
각,閣
각,咯
각,愨
각,桷
각,却
각,埆
각,慤
각,珏
각,擱
각,脚
각,搉
각,恪
간,看
간,間
간,幹
간,簡
간,刊
간,干
간,墾
간,竿
간,榦
간,艱
간,奸
간,懇
간,茛
간,慳
간,艮
간,赶
간,衎
간,秆
간,栞
간,桿
간,柬
간,齦
간,迀
간,姦
간,忓
간,揀
간,癎
간,偘
간,稈
간,澗
간,癇
간,磵
간,諫
간,矸
간,侃
간,肝
간,杆
간,玕
갈,喝
갈,葛
갈,蠍
갈,渴
갈,鶡
갈,褐
갈,鞨
갈,秸
갈,曷
갈,竭
갈,蝎
갈,羯
갈,乫
갈,噶
갈,楬
갈,碣
감,感
감,敢
감,減
감,監
감,甘
감,堪
감,憾
감,鑑
감,泔
감,龕
감,鹻
감,欿
감,疳
감,勘
감,轗
감,柑
감,坎
감,歛
감,戡
감,橄
감,撼
감,淦
감,鑒
감,澉
감,埳
감,瞰
감,弇
감,嵌
감,憨
감,嵁
감,紺
감,玪
감,酣
감,矙
감,邯
감,坩
갑,甲
갑,鉀
갑,韐
갑,岬
갑,匣
갑,閘
갑,胛
강,強
강,講
강,剛
강,康
강,江
강,鋼
강,綱
강,降
강,岡
강,慷
강,顜
강,悾
강,殭
강,跭
강,韁
강,疆
강,畺
강,彊
강,鱇
강,强
강,傋
강,玒
강,崗
강,鎠
강,鏹
강,橿
강,忼
강,僵
강,壃
강,羌
강,茳
강,嫝
강,羗
강,杠
강,舡
강,羫
강,襁
강,扛
강,腔
강,繈
강,穅
강,堈
강,姜
강,絳
강,糠
강,薑
강,罡
강,豇
강,矼
개,個
개,開
개,改
개,介
개,皆
개,凱
개,蓋
개,豈
개,盖
개,揩
개,匃
개,慨
개,箇
개,磕
개,玠
개,愾
개,鎧
개,愷
개,剴
개,槩
개,槪
개,闓
개,漑
개,价
개,塏
개,疥
개,芥
개,豈
객,客
객,喀
갱,更
갱,坑
갱,更
갱,粳
갱,賡
갱,羹
갱,硜
갱,鏗
갹,醵
거,去
거,車
거,居
거,據
거,巨
거,拒
거,距
거,渠
거,踞
거,昛
거,炬
거,苣
거,蕖
거,籧
거,鋸
거,蘧
거,駏
거,鉅
거,据
거,筥
거,倨
거,袪
거,遽
거,裾
거,擧
거,胠
거,秬
거,呿
거,莒
거,腒
거,祛
거,車
건,件
건,建
건,鍵
건,健
건,乾
건,巾
건,睷
건,騫
건,漧
건,褰
건,愆
건,腱
건,謇
건,蹇
건,踺
건,湕
건,搴
건,楗
건,鞬
건,虔
건,揵
건,䢖
건,犍
걸,傑
걸,乞
걸,乬
걸,桀
걸,榤
걸,朅
걸,杰
검,劍
검,檢
검,撿
검,儉
검,黔
검,鈐
검,瞼
검,芡
검,劒
겁,劫
겁,怯
겁,迲
겁,刧
겁,刦
게,揭
게,憩
게,偈
격,格
격,擊
격,激
격,隔
격,鬲
격,挌
격,膈
격,鴃
격,檄
격,骼
격,毄
격,覡
격,闃
견,見
견,堅
견,肩
견,牽
견,遣
견,甄
견,鰹
견,蠲
견,筧
견,狷
견,犬
견,鵑
견,絹
견,縳
견,畎
견,繭
견,繾
견,譴
견,樫
견,羂
결,結
결,決
결,缺
결,潔
결,玦
결,迼
결,焆
결,鍥
결,觖
결,訣
결,闋
결,㓗
결,㛃
결,抉
겸,歉
겸,兼
겸,謙
겸,箝
겸,慊
겸,嗛
겸,鎌
겸,槏
겸,鼸
겸,黚
겸,蒹
겸,岒
겸,拑
겸,傔
겸,縑
겸,鉗
경,更
경,經
경,境
경,輕
경,景
경,硬
경,竟
경,警
경,京
경,傾
경,鏡
경,慶
경,驚
경,敬
경,徑
경,勁
경,擎
경,競
경,耕
경,莖
경,逕
경,頸
경,暻
경,哽
경,俓
경,褧
경,竸
경,曔
경,儆
경,駉
경,庚
경,惸
경,磬
경,畊
경,鯁
경,鯨
경,冏
경,剄
경,冂
경,璄
경,璟
경,璥
경,瓊
경,鶊
경,燛
경,熲
경,謦
경,煢
경,焭
경,勍
경,巠
경,烱
경,痙
경,梗
경,炅
경,倞
경,卿
경,亰
경,黥
경,囧
경,絅
경,㯳
경,扃
경,𠗊
경,頃
경,綆
경,檠
경,坰
경,涇
경,耿
경,憬
경,憼
경,罄
경,脛
경,顈
계,界
계,計
계,系
계,係
계,繼
계,雞
계,季
계,溪
계,契
계,屆
계,戒
계,械
계,階
계,誡
계,桂
계,悸
계,稽
계,縘
계,筓
계,繫
계,谿
계,癸
계,烓
계,瘈
계,髻
계,罽
계,鷄
계,堺
계,堦
계,𥡴
계,棨
계,葪
계,啓
계,禊
계,薊
계,磎
계,綮
고,告
고,故
고,考
고,高
고,古
고,苦
고,顧
고,靠
고,估
고,糕
고,固
고,鼓
고,姑
고,孤
고,庫
고,稿
고,股
고,枯
고,敲
고,雇
고,箍
고,膏
고,袴
고,鼔
고,藁
고,蠱
고,盬
고,鴣
고,拷
고,尻
고,篙
고,睾
고,暠
고,鈷
고,刳
고,叩
고,凅
고,郜
고,胯
고,攷
고,酤
고,呱
고,觚
고,苽
고,杲
고,菰
고,痼
고,罟
고,誥
고,賈
고,鷱
고,皋
고,栲
고,賈
고,羔
고,辜
고,稁
고,皐
고,羖
고,塙
고,瞽
고,翺
고,詁
고,牯
고,櫜
고,槹
고,沽
고,槀
고,槁
고,錮
곡,曲
곡,哭
곡,谷
곡,穀
곡,槲
곡,觳
곡,縠
곡,鵠
곡,梏
곡,轂
곡,嚳
곡,斛
곤,困
곤,滾
곤,坤
곤,棍
곤,鶤
곤,堃
곤,捆
곤,鯤
곤,悃
곤,髡
곤,梱
곤,齫
곤,衮
곤,昆
곤,袞
곤,裍
곤,鵾
곤,褌
곤,錕
곤,琨
곤,緄
곤,崑
곤,崐
곤,閫
골,骨
골,滑
골,滑
골,搰
골,汨
골,榾
골,鶻
골,矻
공,工
공,共
공,公
공,空
공,功
공,供
공,恐
공,控
공,攻
공,孔
공,恭
공,貢
공,槓
공,跫
공,贛
공,悾
공,栱
공,鞏
공,龔
공,蛬
공,蛩
공,箜
공,蚣
공,倥
공,珙
공,拱
공,釭
공,崆
곶,串
과,果
과,過
과,課
과,科
과,瓜
과,顆
과,鍋
과,誇
과,夥
과,菓
과,裹
과,撾
과,猓
과,跨
과,窠
과,寡
과,銙
과,騍
과,踝
과,稞
과,夸
과,侉
과,蝌
과,戈
과,堝
곽,郭
곽,癨
곽,鞹
곽,槨
곽,霍
곽,椁
곽,躩
곽,廓
곽,藿
관,管
관,觀
관,關
관,官
관,灌
관,館
관,寬
관,慣
관,串
관,冠
관,款
관,貫
관,罐
관,綰
관,筦
관,鑵
관,盥
관,串
관,舘
관,寛
관,祼
관,輨
관,丱
관,棺
관,琯
관,鸛
관,梡
관,爟
관,瓘
관,涫
관,髖
관,顴
관,菅
관,雚
관,錧
관,窾
괄,括
괄,刮
괄,鴰
괄,适
괄,筈
괄,聒
괄,栝
괄,恝
괄,髺
괄,佸
광,光
광,廣
광,狂
광,框
광,洸
광,炚
광,鑛
광,茪
광,誆
광,恇
광,桄
광,壙
광,匡
광,誑
광,炛
광,磺
광,獷
광,胱
광,広
광,侊
광,纊
광,曠
광,絖
광,筐
광,珖
광,爌
괘,掛
괘,卦
괘,挂
괘,罫
괘,罣
괘,咼
괘,詿
괴,怪
괴,塊
괴,壞
괴,乖
괴,瑰
괴,愧
괴,魁
괴,媿
괴,拐
괴,傀
괴,璝
괴,襘
괴,蒯
괴,廥
괴,恠
괴,槐
괵,馘
굉,轟
굉,宏
굉,訇
굉,閎
굉,肱
굉,觥
굉,浤
굉,紘
교,交
교,校
교,教
교,較
교,巧
교,僑
교,咬
교,橋
교,喬
교,翹
교,攪
교,郊
교,狡
교,膠
교,驕
교,敎
교,嚙
교,窖
교,憍
교,矯
교,暞
교,蹻
교,嶠
교,鄗
교,蕎
교,榷
교,齩
교,晈
교,撟
교,嬌
교,嘐
교,蛟
교,鉸
교,鵁
교,餃
교,噭
교,趫
교,磽
교,絞
교,轎
교,佼
교,嘄
교,骹
교,鮫
교,皎
교,姣
구,口
구,球
구,久
구,區
구,求
구,究
구,九
구,句
구,狗
구,具
구,救
구,舊
구,構
구,仇
구,扣
구,購
구,懼
구,俱
구,歐
구,溝
구,驅
구,邱
구,龜
구,舅
구,嘔
구,軀
구,矩
구,拘
구,鸜
구,窛
구,劬
구,丘
구,鬮
구,鷇
구,垢
구,毆
구,鷗
구,臼
구,衢
구,漚
구,疚
구,痀
구,寇
구,韮
구,駒
구,勾
구,韭
구,裘
구,銶
구,咎
구,謳
구,癯
구,絿
구,韝
구,匶
구,岣
구,蒟
구,糗
구,駈
구,蚯
구,屨
구,鉤
구,篝
구,嶇
구,昫
구,鳩
구,坸
구,坵
구,佉
구,遘
구,毬
구,颶
구,璆
구,捄
구,耉
구,姤
구,耈
구,逑
구,傴
구,廐
구,廏
구,耇
구,甌
구,窶
구,叴
구,嫗
구,搆
구,柩
구,胊
구,媾
구,厹
구,覯
구,釦
구,彀
구,戵
구,詬
구,苟
구,玖
구,榘
구,玽
구,俅
구,摳
구,佝
구,冓
구,瞿
구,枸
구,灸
국,國
국,国
국,局
국,菊
국,鞠
국,麴
국,𥮗
국,麯
국,鞫
국,掬
국,匊
국,跼
군,軍
군,君
군,群
군,捃
군,桾
군,窘
군,皸
군,裙
군,郡
굴,掘
굴,淈
굴,屈
굴,詘
굴,崛
굴,倔
굴,堀
굴,窟
궁,窮
궁,宮
궁,穹
궁,躬
궁,弓
궁,芎
궁,躳
권,權
권,勸
권,卷
권,圈
권,捲
권,拳
권,倦
권,券
권,淃
권,棬
권,蜷
권,惓
권,睠
권,権
권,綣
권,眷
권,勌
궐,闕
궐,厥
궐,獗
궐,蕨
궐,蹶
궤,軌
궤,櫃
궤,跪
궤,匱
궤,机
궤,麂
궤,佹
궤,几
궤,樻
궤,簋
궤,撅
궤,劂
궤,饋
궤,闠
궤,潰
궤,詭
궤,餽
궤,氿
궤,繢
궤,憒
귀,句
귀,貴
귀,歸
귀,鬼
귀,龜
귀,䤥
귀,晷
귀,龜
귀,句
규,叫
규,規
규,糾
규,赳
규,樛
규,葵
규,嫢
규,閨
규,闚
규,馗
규,嬀
규,虬
규,茥
규,湀
규,槻
규,硅
규,潙
규,睽
규,跬
규,揆
규,圭
규,煃
규,巋
규,頍
규,逵
규,刲
규,邽
규,珪
규,楏
규,暌
규,奎
규,糺
규,窺
규,虯
규,竅
균,均
균,龜
균,菌
균,覠
균,畇
균,龜
균,筠
균,勻
균,匀
균,麏
균,囷
균,鈞
귤,橘
극,極
극,克
극,劇
극,隙
극,屐
극,尅
극,戟
극,棘
극,郄
극,亟
극,剋
근,跟
근,近
근,根
근,僅
근,勤
근,筋
근,斤
근,漌
근,厪
근,廑
근,菫
근,巹
근,嫤
근,芹
근,釿
근,卺
근,觔
근,懃
근,靳
근,覲
근,劤
근,謹
근,饉
근,瑾
근,槿
근,墐
글,契
글,契
글,㔕
금,今
금,金
금,琴
금,禁
금,錦
금,禽
금,芩
금,昑
금,妗
금,襟
금,嶔
금,黅
금,笒
금,衾
금,衿
금,金
금,檎
금,唫
금,噤
금,擒
급,給
급,級
급,及
급,急
급,圾
급,皀
급,礏
급,伋
급,笈
급,岌
급,芨
급,汲
급,扱
긍,肯
긍,兢
긍,殑
긍,亙
긍,亘
긍,矜
기,機
기,奇
기,期
기,氣
기,己
기,幾
기,起
기,記
기,基
기,其
기,器
기,騎
기,寄
기,紀
기,技
기,欺
기,弃
기,棄
기,汽
기,旗
기,棋
기,忌
기,琪
기,企
기,豈
기,冀
기,嗜
기,飢
기,祁
기,忯
기,歧
기,琦
기,碁
기,猉
기,耭
기,朞
기,屺
기,稘
기,岐
기,箕
기,榿
기,埼
기,肌
기,愭
기,玘
기,崎
기,墍
기,畿
기,炁
기,曁
기,磯
기,暣
기,庋
기,攲
기,羇
기,旂
기,羈
기,淇
기,忮
기,沂
기,杞
기,掎
기,禨
기,棊
기,畸
기,妓
기,旣
기,夔
기,綺
기,耆
기,祇
기,綦
기,璣
기,綥
기,璂
기,祈
기,祺
기,芪
기,覬
기,㠌
기,黖
기,圻
기,麒
기,剞
기,蟣
기,僛
기,跂
기,驥
기,芰
기,隑
기,伎
기,㼄
기,蜝
기,頎
기,鰭
기,饑
기,虁
기,錤
기,覉
기,肵
기,鬐
기,𧅄
기,蘄
기,譏
기,錡
기,騏
긴,緊
길,吉
길,佶
길,蛣
길,桔
길,拮
길,姞
김,金
끽,喫
나,那
나,拿
나,羅
나,懶
나,邏
나,喇
나,奈
나,蘿
나,𡖔
나,儺
나,糥
나,懶
나,裸
나,挐
나,奈
나,拏
나,喇
나,邏
나,梛
나,糯
나,䏧
나,癩
나,螺
나,䛔
나,挪
나,癩
나,𣃽
나,娜
나,懦
나,羅
나,裸
나,蘿
나,柰
나,螺
낙,樂
낙,落
낙,諾
낙,洛
낙,駱
낙,珞
낙,烙
낙,酪
낙,落
낙,駱
낙,烙
낙,洛
낙,樂
낙,酪
낙,珞
난,難
난,亂
난,爛
난,蘭
난,暖
난,欄
난,欄
난,餪
난,蘭
난,爛
난,鸞
난,鸞
난,卵
난,愞
난,卵
난,煖
난,偄
난,亂
난,赧
난,煗
날,捏
날,捺
남,男
남,南
남,藍
남,濫
남,嵐
남,喃
남,藍
남,襤
남,枏
남,濫
남,嵐
남,柟
남,襤
남,楠
남,湳
납,拉
납,納
납,衲
납,臘
납,蠟
납,臘
납,拉
납,蠟
낭,浪
낭,狼
낭,娘
낭,朗
낭,廊
낭,郞
낭,狼
낭,郞
낭,曩
낭,郎
낭,浪
낭,囊
낭,朗
낭,廊
내,來
내,內
내,奶
내,耐
내,乃
내,奈
내,嬭
내,柰
내,來
내,迺
내,匂
내,鼐
냉,冷
냉,冷
녀,女
녁,惄
년,年
년,撚
년,秊
년,碾
념,念
념,捻
념,恬
념,拈
녑,惗
녕,寧
녕,寗
녕,濘
녕,佞
녕,獰
녕,儜
녕,嚀
노,路
노,老
노,努
노,勞
노,露
노,怒
노,爐
노,魯
노,蘆
노,勞
노,鷺
노,虜
노,擄
노,櫓
노,瑙
노,老
노,盧
노,峱
노,猱
노,魯
노,虜
노,爐
노,露
노,擄
노,駑
노,呶
노,路
노,笯
노,鷺
노,孥
노,弩
노,櫓
노,盧
노,臑
노,奴
노,䛝
노,蘆
녹,錄
녹,綠
녹,鹿
녹,碌
녹,綠
녹,祿
녹,菉
녹,錄
녹,鹿
녹,祿
녹,菉
녹,碌
논,論
논,論
농,弄
농,農
농,濃
농,聾
농,籠
농,儂
농,膿
농,醲
농,穠
농,壟
농,弄
농,籠
농,噥
농,聾
농,壟
뇌,腦
뇌,雷
뇌,惱
뇌,牢
뇌,磊
뇌,賂
뇌,牢
뇌,磊
뇌,餒
뇌,雷
뇌,賂
뇨,鬧
뇨,淖
뇨,嬲
뇨,裊
뇨,嫋
뇨,撓
뇨,磠
뇨,鐃
뇨,尿
누,壘
누,樓
누,淚
누,漏
누,累
누,屢
누,樓
누,耨
누,陋
누,陋
누,縷
누,累
누,啂
누,漏
누,淚
누,屢
누,壘
누,縷
눈,嫩
눌,吶
눌,訥
눌,肭
뉴,鈕
뉴,紐
뉴,杻
뉴,忸
뉴,𧘥
뉴,靵
뉵,衄
늑,勒
늑,肋
늑,肋
늑,勒
늠,凜
늠,凜
능,能
능,凌
능,陵
능,菱
능,陵
능,菱
능,綾
능,凌
능,稜
능,稜
능,綾
니,呢
니,泥
니,尼
니,柅
니,膩
니,馜
니,禰
니,怩
니,濔
니,祢
니,㦐
닉,匿
닉,溺
닐,暱
닐,昵
다,多
다,茶
다,茤
다,𥥸
다,爹
다,觰
다,夛
다,𣘻
단,但
단,單
단,團
단,段
단,斷
단,担
단,短
단,蛋
단,端
단,丹
단,胆
단,旦
단,壇
단,耑
단,簞
단,慱
단,煓
단,湍
단,檀
단,鍛
단,椴
단,蜑
단,癉
단,鄲
단,緞
단,腶
단,㫜
단,漙
단,袒
단,彖
단,亶
달,達
달,妲
달,撻
달,澾
달,韃
달,怛
달,疸
달,靼
달,闥
달,獺
담,談
담,擔
담,淡
담,炎
담,膽
담,痰
담,噉
담,倓
담,墰
담,壜
담,毯
담,聃
담,罎
담,憺
담,黵
담,埮
담,禫
담,黮
담,郯
담,覃
담,坍
담,澹
담,潭
담,儋
담,曇
담,啖
담,啗
담,薝
담,錟
담,啿
담,蕁
담,湛
담,譚
답,答
답,踏
답,遝
답,畓
답,沓
당,當
당,檔
당,黨
당,堂
당,撞
당,唐
당,糖
당,塘
당,儻
당,鏜
당,党
당,倘
당,搪
당,璫
당,鐺
당,幢
당,瑭
당,溏
당,瞠
당,棠
당,戇
당,螳
당,襠
당,礑
당,蟷
당,讜
당,餹
당,餳
대,大
대,對
대,隊
대,帶
대,臺
대,代
대,待
대,袋
대,抬
대,戴
대,懟
대,鐓
대,儓
대,㬃
대,㬣
대,岱
대,碓
대,旲
대,坮
대,汏
대,擡
대,黛
대,貸
대,垈
대,玳
댁,宅
덕,德
덕,悳
덕,徳
도,到
도,道
도,都
도,掉
도,圖
도,度
도,倒
도,導
도,跳
도,刀
도,桃
도,逃
도,島
도,途
도,塗
도,渡
도,盜
도,徒
도,挑
도,濤
도,賭
도,屠
도,稻
도,萄
도,淘
도,掏
도,菟
도,弢
도,悼
도,祹
도,檮
도,蹈
도,覩
도,鞀
도,鞱
도,鋾
도,櫂
도,搗
도,韜
도,堵
도,禱
도,擣
도,稌
도,壔
도,滔
도,酴
도,鼗
도,馟
도,燾
도,鍍
도,陶
도,夲
도,涂
도,搯
도,叨
도,忉
도,饕
도,睹
도,棹
도,洮
도,嶋
도,慆
도,闍
독,讀
독,獨
독,毒
독,督
독,黷
독,纛
독,篤
독,犢
독,牘
독,櫝
독,禿
독,瀆
돈,敦
돈,頓
돈,墩
돈,躉
돈,豚
돈,弴
돈,惇
돈,沌
돈,潡
돈,旽
돈,暾
돈,燉
돈,焞
돌,突
돌,堗
돌,咄
돌,乭
동,同
동,東
동,動
동,冬
동,洞
동,童
동,疼
동,銅
동,凍
동,哃
동,朣
동,仝
동,蕫
동,桐
동,曈
동,蝀
동,胴
동,棟
동,鮗
동,憧
동,勭
동,潼
동,艟
동,僮
동,涷
동,峒
동,苳
동,茼
동,彤
동,侗
동,錬
동,橦
동,董
동,垌
동,瞳
동,烔
두,頭
두,讀
두,肚
두,豆
두,杜
두,斗
두,兜
두,抖
두,痘
두,逗
두,阧
두,讀
두,脰
두,蚪
두,荳
두,陡
두,蠹
두,斁
두,竇
두,枓
둔,鈍
둔,臀
둔,遁
둔,迍
둔,屯
둔,窀
둔,芚
둔,遯
둘,乧
득,得
등,等
등,燈
등,登
등,藤
등,橙
등,凳
등,騰
등,螣
등,鄧
등,謄
등,磴
등,墱
등,滕
등,籐
등,縢
등,嶝
등,鐙
라,羅
라,囉
라,懶
라,邏
라,喇
라,砢
라,蘿
라,臝
라,覶
라,剆
라,摞
라,螺
라,曪
라,瘰
라,蓏
라,倮
라,拏
라,儸
라,裸
라,癩
라,鑼
라,拏
라,騾
라,驘
락,樂
락,落
락,絡
락,洛
락,諾
락,駱
락,珞
락,樂
락,諾
락,嗠
락,犖
락,烙
락,酪
란,亂
란,爛
란,蘭
란,欄
란,丹
란,攔
란,嬾
란,丹
란,欒
란,幱
란,卵
란,瀾
란,闌
란,鸞
란,襴
란,瓓
란,鑾
란,灓
랄,埒
랄,辢
랄,辣
랄,剌
람,藍
람,籃
람,嵐
람,覽
람,濫
람,纜
람,婪
람,璼
람,擥
람,灆
람,欖
람,攬
람,漤
람,𢱯
람,惏
람,襤
람,㛦
람,爁
랍,拉
랍,臘
랍,鑞
랍,蠟
랑,浪
랑,狼
랑,朗
랑,郎
랑,廊
랑,稂
랑,瑯
랑,㢃
랑,硠
랑,閬
랑,榔
랑,烺
랑,莨
랑,駺
랑,蜋
랑,郞
랑,琅
랑,螂
래,來
래,来
래,萊
래,淶
래,崍
래,騋
래,徠
래,𧼛
랭,冷
략,略
략,畧
략,掠
량,兩
량,量
량,亮
량,良
량,涼
량,輛
량,諒
량,梁
량,糧
량,駺
량,倆
량,俍
량,樑
량,凉
량,喨
량,魎
량,悢
량,踉
량,粮
량,椋
량,粱
려,麗
려,慮
려,勵
려,厲
려,旅
려,呂
려,黎
려,濾
려,蠣
려,膂
려,癘
려,藜
려,櫚
려,蠡
려,儢
려,礪
려,閭
려,臚
려,唳
려,驪
려,曞
려,邌
려,驢
려,侶
려,儷
려,戾
려,糲
려,梠
려,廬
려,鑢
력,力
력,歷
력,靂
력,曆
력,攊
력,瀝
력,癧
력,轣
력,轢
력,櫪
력,酈
력,櫟
력,礫
련,連
련,聯
련,練
련,戀
련,蓮
련,憐
련,鍊
련,楝
련,臠
련,鰊
련,鰱
련,輦
련,漣
련,攣
련,𨏶
련,煉
련,璉
련,湅
련,孌
련,鏈
렬,列
렬,裂
렬,烈
렬,劣
렬,冽
렬,捩
렬,洌
렬,挒
렬,颲
렴,廉
렴,簾
렴,斂
렴,濂
렴,瀲
렴,磏
렴,殮
렴,奩
렵,獵
렵,躐
렵,鬣
령,另
령,領
령,令
령,靈
령,零
령,鈴
령,齡
령,寧
령,嶺
령,玲
령,伶
령,岭
령,苓
령,聆
령,逞
령,秢
령,怜
령,呤
령,岺
령,囹
령,昤
령,鹷
령,蛉
령,翎
령,鴒
령,姈
령,澪
령,羚
령,寧
령,笭
령,軨
령,欞
령,泠
례,禮
례,例
례,礼
례,醴
례,鱧
례,澧
례,隷
례,隸
로,老
로,路
로,怒
로,勞
로,露
로,爐
로,魯
로,鐪
로,怒
로,艪
로,轤
로,潞
로,潦
로,髗
로,撈
로,癆
로,鷺
로,瀘
로,鑪
로,澇
로,鸕
로,滷
로,櫓
로,虜
로,蕗
로,嚧
로,輅
로,擄
로,蘆
로,窂
로,瓐
로,艫
로,鹵
로,玈
로,櫨
로,盧
로,鱸
로,壚
로,璐
로,顱
록,錄
록,綠
록,鹿
록,碌
록,簏
록,鵦
록,騄
록,彔
록,圥
록,漉
록,淥
록,麓
록,祿
록,菉
록,轆
론,論
롱,弄
롱,聾
롱,籠
롱,瓏
롱,攏
롱,壟
롱,朧
롱,龎
롱,隴
롱,蘢
롱,瀧
롱,礱
롱,曨
롱,儱
뢰,雷
뢰,賴
뢰,儡
뢰,牢
뢰,耒
뢰,酹
뢰,顂
뢰,頼
뢰,礧
뢰,礌
뢰,賂
뢰,瀨
뢰,誄
뢰,蕾
뢰,磊
뢰,攂
뢰,賚
뢰,籟
뢰,纇
뢰,罍
료,了
료,料
료,聊
료,鬧
료,療
료,廖
료,瞭
료,膋
료,燎
료,撩
료,僚
료,嘹
료,潦
료,獠
료,繚
료,醪
료,蓼
료,飉
료,嫽
료,飂
료,寮
료,鐐
료,暸
료,遼
룡,龍
룡,竜
룡,龒
루,樓
루,壘
루,淚
루,漏
루,累
루,屢
루,縷
루,耬
루,褸
루,僂
루,瘻
루,婁
루,蔞
루,嶁
루,熡
루,鏤
루,陋
루,髏
루,螻
루,嘍
루,慺
류,留
류,流
류,類
류,劉
류,柳
류,溜
류,旒
류,纍
류,縲
류,謬
류,硫
류,瑠
류,琉
류,遛
류,瀏
류,鶹
류,瘤
류,榴
류,橊
륙,六
륙,陸
륙,戮
륙,勠
륜,輪
륜,倫
륜,崘
륜,圇
륜,侖
륜,掄
륜,淪
륜,綸
륜,錀
륜,崙
률,律
률,率
률,慄
률,瑮
률,溧
률,𥠲
률,栗
률,率
률,嵂
륭,隆
륭,窿
륭,癃
륵,勒
륵,肋
륵,泐
름,凜
름,澟
름,凛
름,菻
름,廩
릉,凌
릉,陵
릉,菱
릉,綾
릉,稜
릉,楞
릉,倰
릉,蔆
리,利
리,李
리,理
리,裡
리,離
리,里
리,異
리,哩
리,莉
리,俐
리,裏
리,梨
리,璃
리,狸
리,貍
리,籬
리,涖
리,摛
리,悧
리,剺
리,莅
리,螭
리,痢
리,浬
리,吏
리,嫠
리,蜊
리,魑
리,罹
리,漓
리,邐
리,履
리,黐
리,唎
리,羸
리,異
리,𢻠
리,离
리,釐
리,犁
리,犂
리,鯉
리,厘
리,俚
린,鄰
린,吝
린,鱗
린,磷
린,𪊭
린,轔
린,悋
린,藺
린,隣
린,嶙
린,繗
린,獜
린,燐
린,躙
린,麟
린,撛
린,璘
린,橉
린,驎
린,鏻
린,粼
린,潾
린,粦
린,躪
린,䗲
림,林
림,臨
림,淋
림,琳
림,痳
림,玪
림,碄
림,晽
림,棽
림,霖
립,立
립,粒
립,砬
립,岦
립,笠
마,馬
마,媽
마,麻
마,碼
마,魔
마,摩
마,瑪
마,磨
마,螞
마,麽
마,蟇
마,痲
마,劘
마,麿
막,幕
막,莫
막,寞
막,膜
막,瞙
막,鏌
막,邈
막,漠
만,滿
만,灣
만,萬
만,晚
만,慢
만,漫
만,蠻
만,彎
만,曼
만,挽
만,晩
만,卍
만,娩
만,万
만,瞞
만,縵
만,謾
만,幔
만,饅
만,蹣
만,巒
만,嫚
만,鏋
만,鬘
만,鰻
만,鏝
만,墁
만,蔓
만,輓
말,抹
말,末
말,帕
말,襪
말,沫
말,秣
말,靺
말,茉
말,唜
망,網
망,望
망,忙
망,忘
망,亡
망,茫
망,芒
망,魍
망,朢
망,輞
망,莾
망,汒
망,惘
망,莽
망,蟒
망,罔
망,漭
망,妄
망,邙
매,每
매,買
매,妹
매,賣
매,罵
매,梅
매,呆
매,媒
매,玫
매,邁
매,魅
매,埋
매,楳
매,枚
매,眛
매,寐
매,莓
매,苺
매,霉
매,煤
매,昧
매,沬
매,酶
맥,麥
맥,脈
맥,貘
맥,貃
맥,貊
맥,脉
맥,驀
맥,陌
맹,猛
맹,孟
맹,盟
맹,盲
맹,萌
맹,甿
맹,虻
맹,氓
맹,甍
맹,儚
멱,冪
멱,幎
멱,覓
멱,糸
면,面
면,免
면,勉
면,麵
면,眠
면,棉
면,麪
면,俛
면,緬
면,眄
면,冕
면,沔
면,糆
면,湎
면,綿
면,緜
멸,滅
멸,蔑
멸,衊
멸,篾
명,命
명,明
명,名
명,銘
명,鳴
명,冥
명,皿
명,溟
명,酩
명,眀
명,䳟
명,瞑
명,洺
명,暝
명,慏
명,螟
명,茗
명,椧
명,蓂
몌,袂
모,毛
모,母
모,某
모,模
모,冒
모,帽
모,貌
모,慕
모,摸
모,矛
모,姆
모,耗
모,謀
모,暮
모,茅
모,軞
모,耄
모,慔
모,旄
모,募
모,謨
모,皃
모,嫫
모,侮
모,侔
모,芼
모,髦
모,媢
모,鉾
모,姥
모,蝥
모,瑁
모,摹
모,蟊
모,牟
모,牡
모,橅
모,糢
모,眊
모,恈
모,眸
모,粍
목,目
목,木
목,牧
목,沐
목,凩
목,鶩
목,睦
목,苜
목,穆
몰,沒
몰,歿
몽,夢
몽,蒙
몽,艨
몽,矇
몽,曚
몽,懞
몽,朦
몽,溕
몽,瞢
몽,濛
몽,幪
몽,雺
몽,鸏
묘,貓
묘,妙
묘,描
묘,苗
묘,墓
묘,畝
묘,猫
묘,卯
묘,廟
묘,淼
묘,竗
묘,渺
묘,眇
묘,錨
묘,藐
묘,昴
묘,杳
무,無
무,无
무,務
무,舞
무,武
무,霧
무,巫
무,茂
무,拇
무,貿
무,憮
무,廡
무,撫
무,橅
무,誣
무,懋
무,戊
무,儛
무,騖
무,膴
무,畝
무,珷
무,繆
무,鵡
무,嘸
무,楙
무,毋
무,蕪
묵,嘿
묵,墨
묵,默
문,們
문,問
문,文
문,門
문,聞
문,蚊
문,紋
문,吻
문,懣
문,匁
문,悗
문,紊
문,刎
문,雯
문,汶
문,炆
문,璊
문,抆
문,捫
물,物
물,勿
물,沕
미,未
미,美
미,迷
미,味
미,微
미,尾
미,米
미,弥
미,彌
미,眉
미,謎
미,楣
미,渼
미,侎
미,蘪
미,蘼
미,瑂
미,湄
미,冞
미,㵟
미,縻
미,瀰
미,嵄
미,嵋
미,𥹄
미,洣
미,敉
미,娓
미,弭
미,麋
미,濔
미,獼
미,薇
미,躾
미,亹
미,媚
미,媄
미,媺
미,煝
미,苿
미,黴
미,梶
미,糜
미,靡
민,民
민,悶
민,敏
민,琘
민,泯
민,緍
민,䃉
민,盿
민,砇
민,罠
민,忟
민,湣
민,瑉
민,旻
민,琝
민,慜
민,緡
민,鈱
민,潣
민,鰵
민,䪸
민,苠
민,忞
민,愍
민,旼
민,閩
민,黽
민,𩔉
민,玟
민,岷
민,脗
민,珉
민,閔
민,敃
민,暋
민,憫
밀,密
밀,蜜
밀,謐
밀,樒
밀,滵
박,博
박,拍
박,薄
박,迫
박,撲
박,剝
박,樸
박,縛
박,欂
박,粕
박,亳
박,珀
박,搏
박,泊
박,璞
박,箔
박,鉑
박,膊
박,駁
박,髆
박,舶
박,雹
박,駮
박,牔
박,鎛
박,朴
반,反
반,班
반,般
반,半
반,飯
반,搬
반,胖
반,伴
반,盤
반,盼
반,返
반,斑
반,攀
반,畔
반,絆
반,瘢
반,搫
반,扳
반,拌
반,叛
반,朌
반,潘
반,泮
반,槃
반,攽
반,礬
반,磐
반,蟠
반,頒
반,頖
반,媻
반,螌
반,豳
반,磻
발,發
발,拔
발,髮
발,撥
발,潑
발,脖
발,渤
발,魃
발,勃
발,浡
발,炦
발,鉢
발,鵓
발,哱
발,跋
발,醱
발,鈸
방,幫
방,方
방,放
방,旁
방,房
방,防
방,訪
방,榜
방,芳
방,妨
방,邦
방,膀
방,磅
방,仿
방,傍
방,倣
방,坊
방,紡
방,幇
방,彷
방,梆
방,龐
방,昉
방,髣
방,肪
방,蒡
방,牓
방,鎊
방,厖
방,搒
방,舫
방,舽
방,尨
방,謗
방,魴
방,旊
방,枋
방,徬
방,蚌
방,滂
방,螃
배,北
배,拜
배,排
배,背
배,配
배,杯
배,盃
배,倍
배,陪
배,貝
배,培
배,輩
배,扒
배,徘
배,賠
배,坏
배,蓓
배,䔒
배,裴
배,裵
배,湃
배,褙
배,胚
배,坯
배,琲
배,北
배,焙
배,俳
백,白
백,百
백,伯
백,柏
백,佰
백,䞟
백,粨
백,珀
백,魄
백,帛
백,栢
백,苩
번,翻
번,煩
번,繁
번,番
번,幡
번,磻
번,飜
번,蕃
번,藩
번,磻
번,蘩
번,燔
번,膰
번,繙
번,樊
번,袢
벌,罰
벌,伐
벌,筏
벌,罸
벌,閥
벌,橃
범,凡
범,犯
범,範
범,帆
범,范
범,颿
범,訉
범,渢
범,汎
범,滼
범,泛
범,釩
범,梵
범,氾
범,笵
범,杋
법,法
법,琺
벽,壁
벽,碧
벽,霹
벽,劈
벽,闢
벽,僻
벽,疈
벽,鼊
벽,檗
벽,蘗
벽,鷿
벽,癖
벽,襞
벽,擘
벽,擗
벽,辟
벽,璧
벽,甓
변,便
변,變
변,邊
변,辨
변,辯
변,卞
변,腁
변,弁
변,駢
변,籩
변,骿
변,釆
변,鴘
변,抃
변,便
변,忭
변,辮
변,賆
별,別
별,瞥
별,䭱
별,鷩
별,鱉
별,莂
별,𩠻
별,鼈
별,襒
별,㔡
별,彆
별,炦
병,並
병,病
병,兵
병,丙
병,柄
병,炳
병,屛
병,抦
병,甁
병,昞
병,棅
병,秉
병,絣
병,缾
병,餠
병,倂
병,迸
병,塀
병,竝
병,鉼
병,輧
병,騈
병,幷
병,鋲
병,昺
병,鈵
병,并
보,保
보,報
보,步
보,寶
보,宝
보,普
보,補
보,譜
보,輔
보,菩
보,堡
보,鴇
보,𤣰
보,黼
보,靌
보,俌
보,盙
보,褓
보,甫
보,簠
보,葆
보,湺
보,歩
보,㻄
보,珤
보,䀯
보,潽
보,洑
복,服
복,復
복,福
복,複
복,覆
복,伏
복,僕
복,箙
복,宓
복,蝮
복,匐
복,幞
복,腹
복,菔
복,鰒
복,蔔
복,茯
복,馥
복,濮
복,鍑
복,卜
복,輹
복,墣
복,蝠
복,輻
복,鵩
복,扑
본,本
볼,乶
봉,鳳
봉,封
봉,棒
봉,逢
봉,蜂
봉,峰
봉,鋒
봉,奉
봉,捧
봉,縫
봉,峯
봉,漨
봉,琫
봉,俸
봉,芃
봉,丰
봉,夆
봉,烽
봉,鴌
봉,篷
봉,菶
봉,蓬
봉,熢
봉,綘
봉,浲
부,不
부,否
부,部
부,府
부,父
부,夫
부,復
부,付
부,附
부,負
부,浮
부,富
부,副
부,符
부,婦
부,賦
부,俯
부,簿
부,膚
부,扶
부,傅
부,咐
부,腐
부,剖
부,埠
부,芙
부,復
부,鳧
부,芣
부,蜉
부,抔
부,溥
부,蚨
부,拊
부,苻
부,莩
부,玞
부,麩
부,鮒
부,敷
부,罘
부,罦
부,媍
부,筟
부,祔
부,阜
부,榑
부,孚
부,斧
부,釜
부,艀
부,孵
부,跗
부,涪
부,胕
부,賻
부,赴
부,趺
부,掊
부,蔀
부,袝
부,桴
부,裒
부,頫
부,駙
부,缶
부,俘
부,訃
부,仆
부,鈇
부,腑
북,北
분,分
분,粉
분,紛
분,笨
분,噴
분,奔
분,奮
분,芬
분,忿
분,扮
분,盆
분,憤
분,墳
분,氛
분,吩
분,帉
분,汾
분,賁
분,焚
분,枌
분,昐
분,雰
분,砏
분,肦
분,轒
분,蕡
분,黺
분,膹
분,畚
분,坌
분,湓
분,糞
분,濆
분,体
분,犇
분,棻
분,棼
분,鼢
불,不
불,佛
불,彿
불,紱
불,拂
불,茀
불,弗
불,祓
불,艴
불,岪
불,髴
불,黻
불,不
불,韍
붕,朋
붕,棚
붕,崩
붕,繃
붕,漰
붕,堋
붕,鬅
붕,硼
붕,鵬
비,備
비,比
비,費
비,非
비,飛
비,悲
비,鼻
비,肥
비,批
비,秘
비,屁
비,菲
비,臂
비,卑
비,芾
비,沸
비,匪
비,祕
비,琵
비,騛
비,紕
비,脾
비,泌
비,腓
비,騑
비,圮
비,埤
비,奜
비,伾
비,毖
비,毘
비,毗
비,沘
비,淠
비,庳
비,匕
비,篦
비,鄙
비,丕
비,裨
비,郫
비,剕
비,妣
비,轡
비,妃
비,悱
비,邳
비,誹
비,粃
비,髀
비,羆
비,譬
비,贔
비,翡
비,睥
비,仳
비,碑
비,榧
비,椑
비,扉
비,閟
비,貔
비,馡
비,陴
비,霏
비,萆
비,濞
비,蓖
비,枇
비,鼙
비,砒
비,憊
비,棐
비,庀
비,痞
비,痹
비,痺
비,俾
비,芘
비,淝
비,蜚
비,狉
비,泌
비,斐
비,庇
비,緋
비,蚍
비,婢
비,秕
비,鞴
비,狒
빈,份
빈,賓
빈,頻
빈,彬
빈,貧
빈,蘋
빈,濱
빈,浜
빈,斌
빈,鑌
빈,嚬
빈,瀕
빈,豳
빈,贇
빈,顰
빈,穦
빈,馪
빈,玭
빈,檳
빈,擯
빈,殯
빈,嬪
빈,繽
빈,璸
빈,鬢
빈,臏
빈,鬂
빈,邠
빈,霦
빈,矉
빈,牝
빈,儐
빙,冰
빙,凭
빙,憑
빙,凴
빙,氷
빙,娉
빙,聘
빙,騁
사,師
사,事
사,寫
사,四
사,些
사,社
사,使
사,士
사,死
사,似
사,謝
사,思
사,司
사,詞
사,射
사,史
사,斯
사,捨
사,沙
사,獅
사,絲
사,私
사,辭
사,砂
사,舍
사,賜
사,邪
사,駛
사,莎
사,蛇
사,伺
사,卸
사,奢
사,飼
사,寺
사,斜
사,詐
사,徙
사,魦
사,咋
사,柶
사,仕
사,缷
사,傞
사,篩
사,渣
사,裟
사,皶
사,俟
사,瀉
사,蜡
사,祀
사,汜
사,肆
사,僿
사,楂
사,鰤
사,娑
사,鯊
사,嗣
사,乍
사,姒
사,麝
사,覗
사,泗
사,糸
사,梭
사,唆
사,竢
사,蓑
사,祠
사,笥
사,査
사,紗
사,巳
사,榭
사,赦
사,駟
사,剚
사,痧
삭,數
삭,索
삭,爍
삭,鑠
삭,削
삭,蒴
삭,索
삭,槊
삭,朔
삭,數
삭,搠
산,算
산,山
산,產
산,産
산,刪
산,散
산,酸
산,傘
산,鏟
산,珊
산,訕
산,毿
산,祘
산,狻
산,剷
산,繖
산,姍
산,蒜
산,汕
산,潸
산,孿
산,澘
산,㦃
산,霰
산,橵
산,疝
산,閊
살,殺
살,薩
살,煞
살,撒
살,乷
삼,三
삼,參
삼,森
삼,衫
삼,渗
삼,參
삼,釤
삼,杉
삼,鬖
삼,滲
삼,糝
삼,蔘
삼,芟
삽,插
삽,歃
삽,霅
삽,揷
삽,翣
삽,卅
삽,颯
삽,唼
삽,霎
삽,鍤
삽,鈒
삽,澁
상,上
상,想
상,樣
상,常
상,像
상,相
상,象
상,傷
상,狀
상,商
상,爽
상,詳
상,賞
상,箱
상,嘗
상,桑
상,翔
상,床
상,祥
상,裳
상,牀
상,喪
상,慡
상,鎟
상,顙
상,晌
상,廂
상,甞
상,緗
상,鬺
상,殤
상,霜
상,潒
상,償
상,觴
상,尙
상,徜
상,庠
상,橡
상,湘
상,孀
상,塽
상,峠
새,賽
새,塞
새,鰓
새,璽
색,色
색,塞
색,索
색,嗇
색,濇
색,穡
색,瀒
색,槭
색,塞
생,生
생,省
생,牲
생,甥
생,省
생,笙
생,眚
생,鉎
서,西
서,書
서,鼠
서,暑
서,序
서,逝
서,誓
서,徐
서,瑞
서,署
서,舒
서,鋤
서,敍
서,叙
서,曙
서,恕
서,撕
서,庶
서,㠘
서,墅
서,噬
서,捿
서,犀
서,諝
서,緖
서,耡
서,澨
서,絮
서,胥
서,壻
서,縃
서,揟
서,𧩑
서,紓
서,婿
서,稰
서,敘
서,㣽
서,㥠
서,棲
서,芧
서,悆
서,鉏
서,筮
서,湑
서,偦
서,抒
서,㷂
서,栖
서,黍
서,藇
서,薯
서,遾
서,嶼
석,石
석,惜
석,釋
석,夕
석,席
석,析
석,碩
석,錫
석,矽
석,鼫
석,䄷
석,潟
석,淅
석,舃
석,腊
석,晳
석,晰
석,褯
석,奭
석,昔
석,蜥
석,汐
석,蓆
석,鉐
선,先
선,線
선,選
선,善
선,宣
선,船
선,扇
선,洗
선,仙
선,鮮
선,旋
선,禪
선,蟬
선,羨
선,跣
선,筅
선,璇
선,亘
선,鱻
선,譔
선,譱
선,墡
선,饍
선,屳
선,珗
선,歚
선,琁
선,繕
선,瑄
선,癬
선,愃
선,銑
선,綫
선,鱓
선,鏇
선,蘚
선,騸
선,璿
선,洒
선,鐥
선,㻽
선,尟
선,䁢
선,敾
선,尠
선,渲
선,嫙
선,煽
선,膳
선,僊
선,熯
선,嬋
선,腺
선,詵
설,說
설,設
설,碟
설,雪
설,洩
설,契
설,舌
설,泄
설,屑
설,紲
설,暬
설,渫
설,卨
설,揲
설,蔎
설,楔
설,薛
설,齧
설,稧
설,爇
설,褻
설,禼
설,偰
설,媟
설,㨹
섬,閃
섬,孅
섬,暹
섬,蟾
섬,剡
섬,摻
섬,譫
섬,纖
섬,贍
섬,殲
섬,憸
섬,韱
섬,陝
섬,睒
섬,銛
섭,葉
섭,攝
섭,涉
섭,灄
섭,聶
섭,鑷
섭,葉
섭,躡
섭,躞
섭,囁
섭,懾
섭,𦁗
섭,㰔
섭,燮
섭,顳
성,成
성,城
성,星
성,聲
성,性
성,誠
성,省
성,聖
성,姓
성,盛
성,醒
성,晟
성,晠
성,娍
성,胜
성,瑆
성,𦖤
성,筬
성,惺
성,猩
성,珹
성,腥
성,貹
성,宬
성,騂
세,說
세,世
세,歲
세,細
세,勢
세,洗
세,稅
세,忕
세,銴
세,繐
세,彗
세,貰
세,蛻
세,涗
세,洒
세,帨
세,𡜧
세,說
세,笹
소,小
소,所
소,少
소,笑
소,訴
소,消
소,素
소,紹
소,召
소,掃
소,燒
소,騷
소,疏
소,昭
소,銷
소,蘇
소,穌
소,蕭
소,蔬
소,梳
소,巢
소,宵
소,塑
소,艘
소,樔
소,捎
소,泝
소,膆
소,䴛
소,䨭
소,韶
소,䘘
소,簫
소,咲
소,傃
소,炤
소,蛸
소,瀟
소,嗉
소,嘯
소,霄
소,璅
소,玿
소,搔
소,瘙
소,沼
소,溯
소,踈
소,佋
소,鰺
소,疎
소,鮹
소,劭
소,筱
소,柖
소,俏
소,箾
소,魈
소,愫
소,愬
소,逍
소,篠
소,遡
소,甦
소,酥
소,邵
소,繅
소,埽
소,翛
소,塐
소,卲
속,速
속,續
속,屬
속,俗
속,束
속,洬
속,謖
속,粟
속,贖
속,遬
속,涑
손,損
손,孫
손,遜
손,蓀
손,飡
손,飧
손,巽
손,飱
솔,率
솔,帥
솔,𧗿
솔,窣
솔,乺
솔,䢦
솔,蟀
송,送
송,松
송,鬆
송,宋
송,頌
송,誦
송,悚
송,訟
송,柗
송,憽
송,淞
송,竦
쇄,殺
쇄,刷
쇄,碎
쇄,鎖
쇄,曬
쇄,鎻
쇄,灑
쇄,殺
쇄,惢
쇄,瑣
쇠,衰
쇠,釗
쇠,𮕩
수,水
수,數
수,誰
수,手
수,受
수,雖
수,需
수,修
수,收
수,睡
수,樹
수,隨
수,宿
수,須
수,首
수,售
수,授
수,輸
수,守
수,壽
수,獸
수,羞
수,愁
수,寿
수,殊
수,帥
수,秀
수,瘦
수,漱
수,嗽
수,隧
수,搜
수,嫂
수,垂
수,囚
수,隋
수,戍
수,綬
수,銖
수,蓚
수,竪
수,穗
수,髓
수,饈
수,陲
수,睟
수,袖
수,豎
수,瓍
수,繡
수,汓
수,璲
수,粹
수,茱
수,蒐
수,脩
수,酬
수,洙
수,鬚
수,遂
수,邃
수,綏
수,籔
수,狩
수,祟
수,殳
수,溲
수,䳠
수,瞍
수,讐
수,讎
수,颼
수,膄
수,膸
수,晬
수,琇
수,㻽
수,叟
수,銹
수,岫
수,脺
수,穂
수,睢
수,峀
수,濉
수,泅
수,廋
수,賥
수,藪
수,燧
숙,宿
숙,熟
숙,叔
숙,淑
숙,鷫
숙,橚
숙,塾
숙,琡
숙,儵
숙,驌
숙,俶
숙,婌
숙,菽
숙,肅
숙,璹
숙,倏
숙,孰
숙,潚
숙,夙
순,順
순,純
순,巡
순,詢
순,盾
순,脣
순,循
순,瞬
순,荀
순,紃
순,錞
순,舜
순,狥
순,馴
순,畃
순,焞
순,侚
순,筍
순,蓴
순,旬
순,鶉
순,峋
순,鬊
순,醇
순,諄
순,淳
순,盹
순,徇
순,恂
순,姰
순,洵
순,珣
순,楯
순,蕣
순,栒
순,殉
순,肫
순,駨
순,橓
순,眴
술,術
술,述
술,鉥
술,戌
술,絉
술,𡊍
숭,崇
숭,崧
숭,嵩
숭,菘
쉬,倅
쉬,淬
쉬,焠
슬,虱
슬,蝨
슬,膝
슬,瑟
슬,㻭
슬,𩇣
슬,璱
습,習
습,拾
습,襲
습,槢
습,熠
습,隰
습,慴
습,濕
습,褶
승,勝
승,升
승,承
승,乘
승,昇
승,蠅
승,繩
승,榺
승,丞
승,㞼
승,塍
승,陞
승,鬙
승,陹
승,僧
승,氶
승,阩
시,是
시,時
시,始
시,視
시,試
시,市
시,示
시,施
시,猜
시,詩
시,翅
시,柴
시,侍
시,廝
시,偲
시,匙
시,尸
시,蓍
시,豉
시,眂
시,鍉
시,啻
시,嘶
시,翤
시,弒
시,蒔
시,媤
시,屍
시,豺
시,漦
시,諰
시,豕
시,顋
시,矢
시,弑
시,屎
시,塒
시,釃
시,緦
시,毸
시,恃
시,兕
시,諡
시,禔
시,愢
시,沶
시,諟
시,柹
시,枲
시,厮
시,柿
시,澌
시,絁
시,媞
시,枾
식,識
식,式
식,息
식,食
식,植
식,飾
식,熄
식,蝕
식,埴
식,寔
식,栻
식,拭
식,媳
식,殖
식,軾
식,湜
식,篒
식,喰
신,信
신,新
신,訊
신,身
신,神
신,晨
신,伸
신,辛
신,申
신,薪
신,迅
신,呻
신,辰
신,紳
신,脤
신,燼
신,駪
신,汛
신,藎
신,哂
신,臣
신,娠
신,辰
신,噺
신,宸
신,贐
신,莘
신,腎
신,蜃
신,矧
신,侁
신,愼
신,姺
신,頣
신,璶
신,囟
실,失
실,實
실,室
실,悉
실,飋
실,蟋
실,実
심,心
심,深
심,甚
심,尋
심,沈
심,審
심,芯
심,燖
심,沈
심,鐔
심,沁
심,瀋
심,葚
심,諶
심,梣
심,鱏
심,潯
십,十
십,什
십,拾
십,辻
십,拾
쌍,雙
쌍,双
씨,氏
아,我
아,兒
아,啊
아,阿
아,亞
아,哦
아,牙
아,鵝
아,雅
아,芽
아,鴉
아,餓
아,啞
아,迓
아,訝
아,丫
아,硪
아,峩
아,峨
아,蛾
아,妸
아,娥
아,婀
아,婭
아,亜
아,皒
아,児
아,妿
아,疴
아,莪
아,娿
아,俄
아,鵞
아,猗
아,錏
아,椏
아,笌
아,衙
아,砑
아,枒
악,喔
악,樂
악,惡
악,握
악,岳
악,鰐
악,嶽
악,諤
악,咢
악,鶚
악,腭
악,齶
악,偓
악,噩
악,齷
악,幄
악,渥
악,萼
악,愕
악,堊
악,鄂
악,覨
악,鍔
악,卾
악,顎
안,眼
안,安
안,案
안,按
안,岸
안,犴
안,雁
안,侒
안,䭓
안,矸
안,晏
안,𤎝
안,鮟
안,桉
안,顔
안,婩
안,鞍
안,鴈
안,贋
안,姲
알,斡
알,閼
알,鴶
알,揠
알,穵
알,嘎
알,軋
알,戞
알,頞
알,訐
알,謁
알,遏
암,暗
암,岩
암,菴
암,庵
암,嵓
암,巖
암,闇
암,晻
암,諳
암,黯
암,葊
암,蓭
암,頷
암,癌
암,唵
암,腤
암,媕
암,啽
암,馣
압,壓
압,鴨
압,押
압,狎
앙,央
앙,仰
앙,昂
앙,殃
앙,鞅
앙,卬
앙,盎
앙,怏
앙,昻
앙,坱
앙,鴦
앙,泱
앙,秧
애,愛
애,唉
애,哀
애,涯
애,碍
애,礙
애,艾
애,藹
애,捱
애,埃
애,厓
애,㶼
애,䝽
애,娭
애,僾
애,挨
애,欸
애,靄
애,薆
애,靉
애,睚
애,崕
애,瞹
애,皚
애,崖
애,漄
애,磑
애,隘
애,啀
애,獃
애,噯
애,曖
애,騃
액,額
액,液
액,搤
액,厄
액,戹
액,縊
액,扼
액,呝
액,腋
액,掖
액,阨
앵,罃
앵,嚶
앵,嫈
앵,鶯
앵,櫻
앵,鷪
앵,罌
앵,鸚
야,也
야,若
야,耶
야,野
야,夜
야,椰
야,爺
야,惹
야,冶
야,倻
야,埜
야,揶
야,若
야,捓
약,若
약,約
약,弱
약,略
약,藥
약,躍
약,龠
약,鑰
약,掠
약,鰯
약,略
약,葯
약,籥
약,爚
약,篛
약,鶸
약,禴
약,蒻
약,掠
양,兩
양,樣
양,量
양,讓
양,養
양,亮
양,陽
양,洋
양,楊
양,良
양,揚
양,羊
양,諒
양,梁
양,糧
양,癢
양,釀
양,穰
양,昜
양,凉
양,孃
양,攘
양,襄
양,颺
양,瘍
양,瀼
양,恙
양,烊
양,煬
양,蘘
양,驤
양,佯
양,漾
양,凉
양,梁
양,兩
양,壤
양,糧
양,亮
양,良
양,徉
양,諒
양,量
양,敭
양,暘
양,鑲
양,痒
양,禳
양,眻
양,輰
양,瀁
양,椋
어,於
어,語
어,魚
어,漁
어,禦
어,圉
어,唹
어,飫
어,淤
어,馭
어,䘘
어,御
어,齬
어,敔
어,瘀
어,圄
억,憶
억,億
억,檍
억,抑
억,繶
억,臆
언,言
언,彥
언,堰
언,讞
언,諺
언,嫣
언,鄢
언,焉
언,匽
언,彦
언,傿
언,鼹
언,偃
언,鼴
얼,蘖
얼,糱
얼,糵
얼,孼
얼,臬
얼,乻
엄,嚴
엄,广
엄,掩
엄,淹
엄,奄
엄,龑
엄,厳
엄,曮
엄,醃
엄,俺
엄,閹
엄,崦
엄,儼
엄,罨
업,業
업,鄴
업,嶪
업,嶫
에,曀
에,恚
엔,円
여,如
여,女
여,與
여,麗
여,勵
여,旅
여,餘
여,黎
여,汝
여,呂
여,予
여,余
여,濾
여,麗
여,舁
여,廬
여,悆
여,礪
여,礖
여,歟
여,勵
여,呂
여,女
여,廬
여,璵
여,旅
여,濾
여,礪
여,閭
여,驪
여,黎
여,妤
여,艅
여,輿
여,轝
여,閭
여,茹
여,驪
역,力
역,易
역,歷
역,亦
역,逆
역,譯
역,役
역,域
역,曆
역,疫
역,力
역,嶧
역,曆
역,晹
역,繹
역,淢
역,驛
역,歷
역,轢
역,懌
역,轢
역,閾
연,年
연,然
연,聯
연,連
연,練
연,軟
연,緣
연,均
연,戀
연,演
연,憐
연,蓮
연,煙
연,捐
연,燃
연,沿
연,延
연,燕
연,烟
연,鍊
연,宴
연,嚥
연,兖
연,輦
연,蓮
연,連
연,鍊
연,堧
연,櫞
연,硏
연,煉
연,聯
연,醼
연,涎
연,沇
연,曣
연,練
연,娫
연,掾
연,鉛
연,埏
연,囦
연,涓
연,臙
연,戭
연,撚
연,輭
연,縯
연,嬿
연,漣
연,妍
연,輦
연,渊
연,衍
연,兗
연,蠕
연,秊
연,筵
연,鳶
연,莚
연,䂩
연,渷
연,椽
연,硯
연,淵
연,瓀
연,璉
연,鷰
연,蜵
연,姢
연,瑌
연,姸
연,璉
연,悁
연,㜣
연,秊
연,娟
연,讌
연,年
연,憐
연,戀
연,挻
연,撚
연,漣
연,煉
열,說
열,列
열,熱
열,裂
열,烈
열,悅
열,閱
열,劣
열,咽
열,咽
열,劣
열,裂
열,說
열,噎
열,潱
열,涅
열,列
열,烈
염,念
염,廉
염,染
염,厭
염,炎
염,艶
염,焰
염,簾
염,冉
염,塩
염,黶
염,簾
염,髥
염,灎
염,殮
염,灩
염,檿
염,鹽
염,饜
염,琰
염,釅
염,檶
염,廉
염,念
염,捻
염,扊
염,殮
염,懕
염,閻
염,魘
염,捻
염,苒
염,艷
엽,葉
엽,獵
엽,獵
엽,燁
엽,曄
엽,靨
엽,曅
엽,熀
엽,爗
영,影
영,英
영,令
영,榮
영,永
영,營
영,靈
영,領
영,迎
영,荣
영,泳
영,鈴
영,零
영,映
영,贏
영,寧
영,玲
영,嶺
영,嬰
영,穎
영,零
영,聆
영,怜
영,碤
영,浧
영,囹
영,纓
영,咏
영,𢥏
영,郢
영,嬴
영,瀯
영,濚
영,縈
영,濴
영,暎
영,瀛
영,獰
영,鈴
영,聆
영,羚
영,瑩
영,瑩
영,瑛
영,玲
영,怜
영,嶺
영,栄
영,寧
영,囹
영,令
영,詠
영,盈
영,朠
영,癭
영,韺
영,瓔
영,䀴
영,煐
영,蠑
영,嶸
영,潁
영,渶
영,靈
영,塋
영,楹
영,栐
영,鍈
영,霙
영,羚
영,領
예,兒
예,禮
예,例
예,預
예,藝
예,譽
예,銳
예,艾
예,汭
예,蚋
예,掜
예,穢
예,麑
예,囈
예,蘂
예,倪
예,壡
예,鯢
예,嫕
예,芮
예,蕊
예,霓
예,苅
예,薉
예,嫛
예,繄
예,蜺
예,埶
예,蓺
예,鷖
예,芸
예,蕋
예,例
예,羿
예,醴
예,曳
예,豫
예,帠
예,翳
예,枘
예,玴
예,堄
예,郳
예,獩
예,詣
예,橤
예,𣫙
예,㙯
예,乂
예,禮
예,瞖
예,睿
예,叡
예,睨
예,隷
예,隸
예,醴
예,猊
예,濊
예,瘱
예,䢃
예,裔
예,淣
예,刈
예,隷
예,拽
예,䜭
오,五
오,午
오,嗚
오,吳
오,惡
오,誤
오,烏
오,傲
오,伍
오,悟
오,奧
오,吾
오,塢
오,娛
오,澳
오,媪
오,慠
오,珸
오,鏊
오,茣
오,蜈
오,筽
오,嗷
오,䫨
오,捂
오,鰲
오,旿
오,遨
오,圬
오,驁
오,鏖
오,梧
오,聱
오,獒
오,墺
오,忤
오,俉
오,隩
오,晤
오,俣
오,唔
오,懊
오,噁
오,迃
오,謷
오,浯
오,鼯
오,鼇
오,窹
오,汙
오,汚
오,敖
오,仵
오,惡
오,燠
오,寤
오,熬
오,迕
오,嫯
오,襖
옥,屋
옥,獄
옥,玉
옥,鈺
옥,沃
온,溫
온,穩
온,稳
온,韞
온,𥠺
온,慍
온,蘊
온,馧
온,氳
온,轀
온,瘟
온,䭓
온,榲
온,鰮
온,瑥
온,薀
온,媪
온,熅
온,𥁕
온,饂
온,昷
온,醞
온,媼
온,縕
올,杌
올,嗢
올,兀
올,膃
옹,擁
옹,翁
옹,瓮
옹,甕
옹,邕
옹,喁
옹,饔
옹,壅
옹,禺
옹,顒
옹,蓊
옹,廱
옹,雝
옹,罋
옹,滃
옹,癕
옹,癰
옹,雍
와,哇
와,瓦
와,蛙
와,窩
와,臥
와,蝸
와,譌
와,萵
와,婐
와,渦
와,窊
와,枙
와,猧
와,洼
와,囮
와,訛
와,窪
완,完
완,玩
완,碗
완,頑
완,緩
완,垸
완,婉
완,豌
완,琓
완,浣
완,忨
완,椀
완,脘
완,莞
완,翫
완,鋺
완,抏
완,妧
완,涴
완,盌
완,宛
완,刓
완,杬
완,腕
완,琬
완,阮
완,婠
완,岏
완,惋
완,梡
왈,曰
왕,王
왕,往
왕,汪
왕,旺
왕,枉
왕,瀇
왕,尫
왕,迬
왜,娃
왜,矮
왜,倭
왜,媧
왜,歪
외,外
외,畏
외,渨
외,碨
외,偎
외,巍
외,猥
외,嵬
외,嵔
외,煨
외,崴
외,聵
외,磈
외,隗
요,了
요,要
요,料
요,樂
요,搖
요,療
요,耀
요,腰
요,遙
요,邀
요,擾
요,繞
요,澆
요,饒
요,僥
요,凹
요,坳
요,鷂
요,殀
요,蕘
요,姚
요,撓
요,遼
요,遶
요,遼
요,橈
요,喓
요,暚
요,僚
요,僚
요,寮
요,尿
요,料
요,樂
요,燎
요,曜
요,蟯
요,徼
요,妖
요,療
요,墝
요,祅
요,蓼
요,蓼
요,了
요,幺
요,瑤
요,徭
요,繇
요,堯
요,夭
요,寥
요,嬈
요,穾
요,拗
요,寮
요,燎
요,窅
요,窈
요,燿
요,偠
요,窯
요,嶢
요,尿
요,謠
욕,欲
욕,慾
욕,辱
욕,褥
욕,浴
욕,縟
욕,蓐
욕,溽
용,用
용,容
용,龍
용,勇
용,庸
용,踴
용,湧
용,宂
용,甬
용,龍
용,瑢
용,傛
용,涌
용,傭
용,鎔
용,舂
용,憃
용,踊
용,冗
용,聳
용,蓉
용,㦶
용,嵱
용,槦
용,榕
용,鏞
용,埇
용,蛹
용,茸
용,俑
용,慵
용,溶
용,熔
용,硧
용,慂
용,墉
우,又
우,友
우,牛
우,右
우,雨
우,尤
우,優
우,遇
우,郵
우,愚
우,憂
우,偶
우,羽
우,宇
우,于
우,亏
우,寓
우,紆
우,雩
우,迂
우,麀
우,齲
우,嵎
우,圩
우,耦
우,祐
우,堣
우,燠
우,扜
우,芋
우,俁
우,吁
우,踽
우,玗
우,藕
우,慪
우,㲾
우,庽
우,竽
우,䨒
우,虞
우,禹
우,釪
우,謣
우,疣
우,瑀
우,杅
우,偊
우,旴
우,隅
우,禑
우,盱
우,㥥
우,耰
우,邘
우,麌
우,盓
우,盂
우,佑
우,鍝
우,亴
욱,旭
욱,燠
욱,𢒰
욱,昱
욱,煜
욱,稶
욱,稢
욱,勖
욱,栯
욱,彧
욱,頊
욱,郁
운,運
운,員
운,雲
운,云
운,韻
운,暈
운,䆬
운,鄖
운,夽
운,熉
운,韵
운,惲
운,䫟
운,沄
운,橒
운,殞
운,篔
운,耘
운,隕
운,暈
운,蕓
운,霣
운,芸
운,賱
운,紜
운,澐
운,䉙
울,鬱
울,蔚
울,𠃗
울,亐
울,菀
웅,雄
웅,熊
원,元
원,原
원,遠
원,員
원,園
원,院
원,願
원,源
원,援
원,圓
원,怨
원,冤
원,婉
원,邍
원,綩
원,朊
원,猨
원,楥
원,謜
원,猿
원,苑
원,貟
원,薗
원,寃
원,鵷
원,笎
원,騵
원,愿
원,沅
원,杬
원,湲
원,瑗
원,圜
원,袁
원,洹
원,褑
원,嫄
원,黿
원,轅
원,爰
원,媛
원,鴛
원,垣
원,鋺
원,阮
원,芫
원,阮
원,蜿
원,倇
월,月
월,越
월,鉞
월,刖
월,粤
위,爲
위,位
위,委
위,威
위,偉
위,衛
위,謂
위,圍
위,危
위,慰
위,違
위,衞
위,熨
위,萎
위,胃
위,僞
위,喟
위,瑋
위,闈
위,魏
위,葳
위,餧
위,諉
위,暐
위,蝟
위,葦
위,痿
위,韙
위,褘
위,韡
위,幃
위,緯
위,蔿
위,韋
위,尉
위,煒
위,骪
위,渭
위,逶
유,有
유,留
유,流
유,由
유,需
유,類
유,油
유,遊
유,維
유,劉
유,游
유,柳
유,幼
유,愉
유,愈
유,柔
유,遺
유,幽
유,悠
유,裕
유,猶
유,儒
유,唯
유,瑜
유,柚
유,逾
유,紐
유,癒
유,瘉
유,誘
유,溜
유,乳
유,聈
유,鮪
유,臾
유,腴
유,俞
유,釉
유,侑
유,壝
유,惟
유,㴗
유,讉
유,揄
유,揉
유,泑
유,甤
유,喩
유,庾
유,蚰
유,杻
유,窬
유,窳
유,湵
유,瑈
유,姷
유,鞣
유,琟
유,孺
유,鼬
유,硫
유,褕
유,洧
유,龥
유,斿
유,黝
유,呦
유,琉
유,宥
유,蝤
유,秞
유,諛
유,婑
유,瘐
유,諭
유,蚴
유,曘
유,萸
유,溜
유,琉
유,留
유,莠
유,硫
유,紐
유,類
유,流
유,逌
유,攸
유,冘
유,酉
유,濡
유,囿
유,帷
유,緌
유,兪
유,蕤
유,蕕
유,鍮
유,踰
유,蹂
유,猷
유,楡
유,楢
유,牖
유,籲
유,劉
유,杻
유,柳
유,糅
육,六
육,肉
육,育
육,陸
육,儥
육,陸
육,戮
육,六
육,毓
육,戮
육,堉
윤,輪
윤,允
윤,倫
윤,閏
윤,阭
윤,䦞
윤,淪
윤,㣧
윤,淪
윤,沇
윤,潤
윤,閠
윤,橍
윤,輪
윤,崙
윤,昀
윤,鈗
윤,胤
윤,奫
윤,倫
윤,鋆
윤,崙
윤,贇
윤,尹
윤,荺
윤,玧
율,律
율,率
율,率
율,汩
율,慄
율,栗
율,慄
율,律
율,潏
율,矞
율,栗
율,鴥
율,䫻
율,䢖
율,燏
율,聿
융,隆
융,融
융,瀜
융,狨
융,絨
융,隆
융,戎
은,銀
은,恩
은,隱
은,殷
은,嚚
은,㒚
은,蘟
은,垽
은,垠
은,蒑
은,蒽
은,狺
은,溵
은,圁
은,齗
은,𪙤
은,濦
은,𨶡
은,鄞
은,听
은,訔
은,訢
은,癮
은,檼
은,泿
은,𤨒
은,誾
은,珢
은,檃
은,嶾
은,慇
은,憖
은,圻
을,乙
을,鳦
을,圪
음,音
음,陰
음,吟
음,蔭
음,淫
음,韾
음,喑
음,廕
음,愔
음,飮
음,霪
음,崟
읍,悒
읍,邑
읍,揖
읍,泣
읍,浥
읍,挹
응,應
응,凝
응,鷹
응,𥌾
응,膺
의,意
의,義
의,議
의,依
의,宜
의,疑
의,醫
의,倚
의,椅
의,衣
의,毅
의,擬
의,儀
의,矣
의,誼
의,懿
의,礒
의,艤
의,漪
의,嶷
의,凒
의,㛄
의,蟻
의,螘
의,饐
의,猗
의,欹
의,薏
의,劓
의,儗
이,以
이,而
이,二
이,已
이,利
이,李
이,理
이,裡
이,易
이,離
이,里
이,爾
이,異
이,尔
이,耳
이,泥
이,移
이,怡
이,伊
이,裏
이,梨
이,羡
이,姨
이,荑
이,苡
이,夷
이,飴
이,媐
이,珥
이,履
이,杝
이,餌
이,貽
이,彝
이,彛
이,頤
이,邇
이,痍
이,䏪
이,痢
이,罹
이,李
이,梨
이,易
이,履
이,吏
이,泥
이,理
이,利
이,迤
이,痢
이,珆
이,裏
이,坨
이,佴
이,裡
이,里
이,離
이,貳
이,罹
이,洟
이,吏
이,訑
이,咿
이,巸
이,詑
이,㛅
이,栮
이,肄
이,廙
이,弛
이,隶
이,鴯
익,益
익,翼
익,翊
익,溺
익,瀷
익,鷁
익,匿
익,溺
익,匿
익,翌
익,弋
익,熤
익,謚
인,人
인,因
인,認
인,引
인,仁
인,印
인,忍
인,吝
인,鱗
인,咽
인,刃
인,忈
인,麟
인,仞
인,芢
인,𦟘
인,洇
인,璘
인,朄
인,禋
인,牣
인,扨
인,靭
인,氤
인,韌
인,隣
인,燐
인,濥
인,㲽
인,寅
인,姻
인,秵
인,藺
인,靷
인,籾
인,諲
인,婣
인,絪
인,鱗
인,茵
인,隣
인,藺
인,裀
인,𣍃
인,璌
인,璘
인,湮
인,夤
인,忎
인,堙
인,戭
인,燐
인,吝
인,麟
인,蚓
인,儿
일,一
일,日
일,逸
일,溢
일,鎰
일,劮
일,軼
일,佚
일,壹
일,泆
일,佾
일,馹
일,𨓜
임,林
임,任
임,臨
임,淋
임,妊
임,銋
임,飪
임,荏
임,壬
임,姙
임,䚾
임,䛘
임,衽
임,臨
임,絍
임,淋
임,恁
임,賃
임,林
임,稔
입,入
입,立
입,粒
입,卄
입,立
입,笠
입,粒
입,廿
입,笠
잉,仍
잉,剩
잉,媵
잉,芿
잉,孕
자,子
자,自
자,字
자,資
자,者
자,仔
자,磁
자,姊
자,刺
자,姿
자,滋
자,慈
자,藉
자,紫
자,煮
자,蔗
자,雌
자,姉
자,鎡
자,鶿
자,茈
자,泚
자,瓷
자,恣
자,髭
자,訾
자,耔
자,貲
자,咨
자,玆
자,鷓
자,虸
자,粢
자,柘
자,孖
자,褯
자,疵
자,赭
자,孜
자,呰
자,胾
자,頿
자,孶
자,牸
자,莿
자,嬨
자,鮓
자,茨
자,秄
자,諮
자,觜
자,炙
자,茲
자,眦
자,眥
작,作
작,昨
작,炸
작,爵
작,雀
작,嚼
작,犳
작,酌
작,勺
작,斱
작,焯
작,舃
작,芍
작,汋
작,岝
작,斫
작,怍
작,柞
작,碏
작,灼
작,鵲
작,綽
잔,殘
잔,棧
잔,戔
잔,剗
잔,孱
잔,潺
잔,驏
잔,盞
잠,暫
잠,潛
잠,潜
잠,箴
잠,簪
잠,涔
잠,濳
잠,蠶
잠,岑
잡,卡
잡,雜
잡,囃
잡,眨
잡,襍
잡,磼
장,章
장,張
장,場
장,長
장,將
장,将
장,裝
장,装
장,狀
장,莊
장,壯
장,牆
장,丈
장,掌
장,藏
장,獎
장,帳
장,蔣
장,障
장,壮
장,醬
장,匠
장,仗
장,杖
장,腸
장,漿
장,臟
장,葬
장,薔
장,鄣
장,狀
장,璋
장,嬙
장,臧
장,傽
장,檣
장,奘
장,糚
장,廧
장,奬
장,瘴
장,妝
장,暲
장,粧
장,麞
장,萇
장,欌
장,羘
장,戕
장,樟
장,鏘
장,嶂
장,贓
장,餦
장,牂
장,賬
장,墻
장,獐
장,漳
장,庄
재,在
재,再
재,才
재,載
재,材
재,災
재,財
재,裁
재,齋
재,哉
재,栽
재,縡
재,捚
재,夈
재,溨
재,賳
재,纔
재,扗
재,梓
재,榟
재,崽
재,宰
재,渽
재,灾
재,齎
재,滓
쟁,爭
쟁,箏
쟁,諍
쟁,鎗
쟁,琤
쟁,猙
쟁,崢
쟁,錚
저,這
저,著
저,姐
저,豬
저,低
저,底
저,抵
저,儲
저,貯
저,咀
저,苴
저,佇
저,詛
저,菹
저,猪
저,紵
저,苧
저,楮
저,牴
저,杼
저,齟
저,袛
저,蛆
저,柢
저,岨
저,雎
저,狙
저,杵
저,樗
저,渚
저,瀦
저,陼
저,觝
저,潴
저,躇
저,褚
저,藷
저,疽
저,箸
저,罝
저,氐
저,宁
저,邸
저,羝
저,詆
저,沮
적,的
적,適
적,敵
적,滴
적,摘
적,籍
적,積
적,績
적,吊
적,寂
적,赤
적,笛
적,跡
적,蹟
적,迪
적,賊
적,迹
적,炙
적,狄
적,馰
적,覿
적,樀
적,荻
적,磧
적,逖
적,炙
적,鏑
적,菂
적,翟
적,糴
적,謫
적,嫡
적,勣
전,前
전,電
전,全
전,傳
전,專
전,錢
전,轉
전,戰
전,田
전,典
전,展
전,剪
전,箭
전,吮
전,磚
전,殿
전,痊
전,澱
전,澶
전,煎
전,栴
전,悛
전,鄽
전,佺
전,錪
전,筌
전,戩
전,輾
전,腆
전,輇
전,牋
전,纏
전,鸇
전,雋
전,餰
전,鋑
전,翦
전,佃
전,銓
전,塡
전,槇
전,飦
전,邅
전,琠
전,畠
전,畑
전,畋
전,嫥
전,甸
전,甎
전,箋
전,囀
전,顓
전,奠
전,顚
전,荃
전,湔
전,羶
전,屇
전,氈
전,顫
전,鐫
전,鱣
전,瑱
전,籛
전,篆
전,鬋
전,揃
전,旃
전,膞
전,鈿
전,詮
전,靛
전,巓
전,餞
전,癲
전,靦
전,躔
전,癜
전,栓
전,廛
전,塼
절,切
절,節
절,絕
절,折
절,截
절,窃
절,竊
절,岊
절,浙
절,癤
절,晢
절,絶
점,點
점,点
점,店
점,漸
점,佔
점,黏
점,粘
점,墊
점,蛅
점,霑
점,颭
점,鮎
점,奌
점,苫
점,笘
점,覘
점,簟
점,岾
점,玷
점,蔪
점,占
접,接
접,蝶
접,摺
접,蹀
접,楪
접,跕
접,椄
접,蜨
접,鰈
정,定
정,正
정,情
정,程
정,政
정,整
정,停
정,精
정,静
정,靜
정,灯
정,睛
정,淨
정,丁
정,頂
정,井
정,庭
정,挺
정,訂
정,貞
정,晶
정,廷
정,征
정,証
정,靖
정,偵
정,鄭
정,釘
정,亭
정,艇
정,叮
정,呈
정,鉦
정,霆
정,遉
정,珵
정,婷
정,炡
정,瀞
정,酊
정,酲
정,𩇕
정,𩓞
정,晸
정,幀
정,婧
정,侹
정,渟
정,桯
정,碇
정,涏
정,眐
정,淀
정,柾
정,諪
정,鼎
정,疔
정,町
정,鋌
정,湞
정,珽
정,掟
정,梃
정,朾
정,旌
정,玎
정,錠
정,鋥
정,禎
정,妌
정,姃
정,靚
정,檉
정,佂
정,汀
정,頲
정,胜
정,靘
정,穽
정,怔
정,棖
정,綎
정,筳
정,埩
정,楨
정,莛
제,提
제,第
제,弟
제,除
제,題
제,制
제,帝
제,際
제,製
제,諸
제,濟
제,擠
제,齊
제,梯
제,啼
제,劑
제,蹄
제,堤
제,祭
제,瑅
제,躋
제,睇
제,悌
제,偙
제,鍗
제,済
제,霽
제,薺
제,蹏
제,臍
제,鯷
제,踶
제,姼
제,緹
제,猘
제,醍
제,鮧
제,韲
제,娣
제,稊
제,禔
제,晢
제,隄
제,儕
제,媞
조,找
조,造
조,組
조,早
조,條
조,鳥
조,助
조,調
조,趙
조,照
조,操
조,粗
조,釣
조,阻
조,租
조,朝
조,潮
조,糟
조,祖
조,昭
조,遭
조,措
조,爪
조,澡
조,祚
조,嘈
조,凋
조,雕
조,躁
조,燥
조,噪
조,弔
조,眺
조,窕
조,鯛
조,藻
조,傮
조,肇
조,璪
조,詔
조,鵰
조,誂
조,皁
조,嘲
조,蔦
조,糙
조,譟
조,糶
조,嬥
조,厝
조,笊
조,彫
조,兆
조,琱
조,絛
조,懆
조,絩
조,竈
조,殂
조,銚
조,刁
조,蚤
조,稠
조,鼂
조,臊
조,祧
조,棗
조,俎
조,徂
조,蜩
조,晁
조,鋽
조,𠄬
조,嶆
조,佻
조,槽
조,艚
조,漕
조,繰
조,曹
조,胙
조,曺
조,鈟
족,足
족,族
족,簇
족,瘯
족,鏃
존,存
존,尊
존,拵
졸,卒
졸,拙
졸,猝
종,種
종,從
종,鐘
종,宗
종,終
종,縱
종,蹤
종,綜
종,鍾
종,踪
종,慫
종,悰
종,棕
종,伀
종,腫
종,椶
종,淙
종,倧
종,螽
종,柊
종,瘇
종,粽
종,慒
종,樅
종,瑽
종,踵
종,琮
좌,坐
좌,左
좌,座
좌,挫
좌,痤
좌,佐
좌,莝
좌,剉
좌,髽
죄,罪
주,做
주,走
주,住
주,主
주,周
주,週
주,注
주,奏
주,調
주,註
주,酒
주,丟
주,珠
주,宙
주,洲
주,州
주,朱
주,籌
주,舟
주,駐
주,蛛
주,廚
주,蛀
주,株
주,柱
주,詋
주,誅
주,肘
주,妵
주,綢
주,霔
주,䝬
주,酎
주,侜
주,胕
주,澍
주,胄
주,皗
주,晭
주,拄
주,鑄
주,躊
주,輈
주,輳
주,冑
주,燽
주,珘
주,趎
주,幬
주,絑
주,逎
주,賙
주,紸
주,紬
주,侏
주,籒
주,腠
주,湊
주,紂
주,尌
주,遒
주,炷
주,鉒
주,㫶
주,晝
주,儔
주,疇
주,䎻
주,邾
주,呪
주,嗾
주,椆
주,裯
주,蔟
주,姝
주,霌
주,鼄
주,硃
죽,竹
죽,粥
준,準
준,純
준,俊
준,准
준,遵
준,樽
준,凖
준,蹲
준,鵔
준,睃
준,𨶊
준,晙
준,焌
준,濬
준,懏
준,噂
준,餕
준,鱒
준,竣
준,隼
준,僔
준,蠢
준,寯
준,䜭
준,逡
준,踆
준,綧
준,儁
준,葰
준,畯
준,浚
준,竴
준,埻
준,陖
준,駿
준,撙
준,罇
준,𢓭
준,鐏
준,皴
준,墫
준,惷
준,迿
준,埈
준,峻
준,雋
줄,茁
줄,乼
중,中
중,重
중,眾
중,衆
중,仲
즉,即
즉,卽
즉,喞
즐,櫛
즐,騭
즙,汁
즙,蕺
즙,檝
즙,楫
즙,葺
증,曾
증,增
증,證
증,贈
증,蒸
증,憎
증,症
증,甑
증,嶒
증,拯
증,烝
증,矰
증,繒
증,罾
지,地
지,知
지,之
지,指
지,持
지,識
지,支
지,至
지,紙
지,止
지,志
지,智
지,池
지,枝
지,遲
지,址
지,誌
지,只
지,蜘
지,吱
지,肢
지,趾
지,阯
지,摯
지,枳
지,𥏾
지,𥎵
지,漬
지,汦
지,咫
지,旨
지,鋕
지,坁
지,芝
지,識
지,洔
지,躓
지,贄
지,脂
지,禔
지,祉
지,鮨
지,搘
지,扺
지,篪
지,厎
지,劧
지,榰
지,忯
지,祗
지,軹
지,秪
지,踟
지,舐
지,痣
지,沚
지,墀
지,馶
지,坻
지,砥
지,泜
지,鷙
지,芷
지,觗
직,直
직,職
직,織
직,稷
직,禝
직,稙
진,真
진,進
진,陳
진,盡
진,陣
진,尽
진,塵
진,珍
진,震
진,振
진,儘
진,秦
진,趁
진,辰
진,診
진,璡
진,昣
진,鎭
진,縝
진,軫
진,稹
진,瑱
진,枃
진,嗔
진,袗
진,抮
진,溱
진,鉁
진,𤨁
진,桭
진,靕
진,螴
진,槇
진,敒
진,珒
진,侲
진,殄
진,縉
진,瑨
진,賑
진,臻
진,禛
진,晉
진,䑐
진,晋
진,疹
진,津
진,搢
진,瞋
진,蔯
진,眞
진,榛
진,鬒
진,塡
진,唇
진,蓁
진,畛
진,眹
질,質
질,跌
질,秩
질,疾
질,姪
질,侄
질,迭
질,嫉
질,膣
질,窒
질,郅
질,帙
질,絰
질,垤
질,鑕
질,蛭
질,蒺
질,桎
질,叱
질,瓆
짐,斟
짐,鴆
짐,朕
집,什
집,集
집,輯
집,執
집,什
집,咠
집,楫
집,潗
집,緝
집,鏶
집,戢
집,𬄕
징,徵
징,癥
징,懲
징,澄
징,瀓
징,瞪
징,澂
차,次
차,車
차,且
차,差
차,此
차,茶
차,借
차,遮
차,奲
차,槎
차,硨
차,茶
차,佽
차,嗟
차,徣
차,姹
차,蹉
차,侘
차,箚
차,奓
차,叉
차,嵯
차,偖
차,鹺
차,岔
차,磋
차,瑳
착,錯
착,捉
착,着
착,窄
착,鑿
착,擉
착,搾
착,斲
착,齪
착,戳
찬,餐
찬,讚
찬,贊
찬,燦
찬,讃
찬,饌
찬,竄
찬,攢
찬,纘
찬,欑
찬,璨
찬,簒
찬,儧
찬,瓚
찬,撰
찬,澯
찬,儹
찬,粲
찬,趲
찬,篡
찬,㜺
찬,纂
찬,鑽
찬,爨
찬,賛
찬,巑
찬,劗
찰,擦
찰,察
찰,扎
찰,紮
찰,刹
찰,拶
찰,札
참,站
참,參
참,慘
참,慚
참,斬
참,讒
참,叅
참,儳
참,巉
참,驂
참,憯
참,鏨
참,槧
참,譖
참,讖
참,嶄
참,塹
참,慙
참,毚
참,鑱
참,欃
참,黲
참,僭
참,攙
참,饞
참,懺
창,唱
창,廠
창,創
창,窗
창,槍
창,搶
창,漲
창,昌
창,蒼
창,彰
창,滄
창,窓
창,暢
창,倡
창,倉
창,脹
창,窻
창,猖
창,愴
창,菖
창,瑲
창,淌
창,椙
창,倀
창,傖
창,艙
창,鬯
창,氅
창,鋹
창,昶
창,晿
창,淐
창,惝
창,娼
창,鶬
창,錆
창,凔
창,閶
창,戧
창,悵
창,敞
창,瘡
창,蹌
창,刱
채,彩
채,責
채,採
채,菜
채,采
채,蔡
채,茝
채,寨
채,睬
채,寀
채,婇
채,釵
채,棌
채,琗
채,債
채,砦
채,埰
채,綵
책,責
책,策
책,冊
책,蚱
책,笧
책,磔
책,簀
책,嘖
책,柵
책,册
책,幘
처,處
처,妻
처,淒
처,悽
처,萋
처,覷
처,褄
처,凄
처,郪
척,隻
척,尺
척,刺
척,戚
척,擲
척,墌
척,斥
척,瘠
척,呎
척,倜
척,蜴
척,脊
척,陟
척,躑
척,坧
척,拓
척,慽
척,慼
척,蹠
척,滌
척,摭
척,惕
척,跖
척,刺
척,塉
척,捗
척,剔
천,天
천,穿
천,千
천,薦
천,淺
천,賤
천,闡
천,泉
천,遷
천,川
천,踐
천,喘
천,濺
천,儃
천,倩
천,洊
천,韆
천,瓩
천,蚕
천,粁
천,蕆
천,靝
천,釧
천,擅
천,僢
천,俴
천,茜
천,舛
천,阡
천,祆
천,仟
천,荐
천,辿
천,玔
천,臶
천,芊
천,蒨
철,鐵
철,徹
철,哲
철,澈
철,綴
철,凸
철,惙
철,剟
철,餮
철,悊
철,銕
철,錣
철,掇
철,輟
철,喆
철,埑
철,歠
철,轍
철,撤
철,飻
철,瞮
철,啜
철,鉄
첨,簽
첨,甜
첨,尖
첨,添
첨,惉
첨,沾
첨,櫼
첨,幨
첨,檐
첨,詹
첨,瀸
첨,簷
첨,襜
첨,瞻
첨,諂
첨,忝
첨,籤
첨,甛
첨,僉
첩,貼
첩,捷
첩,疊
첩,帖
첩,輒
첩,妾
첩,喋
첩,倢
첩,牒
첩,堞
첩,睫
첩,怗
첩,諜
첩,呫
첩,褺
청,請
청,聽
청,清
청,青
청,晴
청,廳
청,蜻
청,鶄
청,婧
청,凊
청,圊
청,淸
청,鯖
청,靑
청,菁
체,體
체,切
체,替
체,棣
체,遞
체,彘
체,剃
체,靆
체,蕞
체,嚏
체,涕
체,砌
체,軆
체,締
체,滯
체,殢
체,玼
체,諟
체,諦
체,髰
체,切
체,蒂
체,蔕
체,逮
초,超
초,草
초,初
초,招
초,楚
초,抄
초,秒
초,焦
초,礎
초,稍
초,蕉
초,剿
초,炒
초,鈔
초,哨
초,悄
초,梢
초,誚
초,僬
초,峭
초,趠
초,苕
초,齠
초,愀
초,綃
초,肖
초,鞘
초,偢
초,杪
초,酢
초,釥
초,椒
초,顦
초,貂
초,譙
초,醋
초,𪓐
초,噍
초,鷦
초,醮
초,礁
초,軺
초,憔
초,勦
초,俏
초,嫶
초,艸
초,嶕
초,劭
초,燋
초,怊
초,髫
초,迢
초,耖
초,鍫
초,樵
초,鍬
초,岧
초,硝
촉,促
촉,觸
촉,燭
촉,囑
촉,髑
촉,曯
촉,爥
촉,矗
촉,蜀
촉,薥
촉,矚
촉,躅
촌,村
촌,寸
촌,吋
촌,忖
촌,邨
총,總
총,聰
총,叢
총,摠
총,総
총,葱
총,騘
총,蓯
총,寵
총,鏦
총,蔥
총,驄
총,銃
총,冢
총,聡
총,憁
총,悤
총,塚
촬,撮
최,最
최,催
최,磪
최,漼
최,璀
최,脧
최,榱
최,縗
최,崔
최,嘬
최,摧
추,追
추,推
추,抽
추,秋
추,樞
추,醜
추,趨
추,帚
추,隹
추,縋
추,縐
추,麤
추,魋
추,墜
추,騶
추,騅
추,鎚
추,娵
추,龝
추,皺
추,僦
추,瘳
추,鰌
추,捶
추,麄
추,陬
추,錘
추,鰍
추,錐
추,搥
추,揫
추,簉
추,鵻
추,箒
추,鶵
추,箠
추,鶖
추,芻
추,諏
추,啾
추,椎
추,惆
추,鞦
추,湫
추,甃
추,雛
추,酋
추,蒭
추,楸
추,萩
추,鄒
축,祝
축,築
축,縮
축,逐
축,畜
축,蓄
축,豖
축,竺
축,丑
축,軸
축,妯
축,蹴
축,筑
축,鼀
축,蹜
축,蹙
축,舳
춘,春
춘,賰
춘,瑃
춘,椿
출,出
출,朮
출,秫
출,黜
충,充
충,蟲
충,衝
충,忠
충,冲
충,沖
충,忡
충,虫
충,衷
충,珫
췌,贅
췌,惴
췌,萃
췌,悴
췌,顇
췌,膵
췌,疩
췌,揣
췌,瘁
취,就
취,取
취,趣
취,吹
취,臭
취,嘴
취,聚
취,脆
취,醉
취,驟
취,翠
취,冣
취,娶
취,炊
취,橇
취,鷲
취,毳
측,測
측,側
측,廁
측,惻
측,厠
측,仄
측,昃
층,層
치,治
치,置
치,致
치,齒
치,恥
치,癡
치,痴
치,稚
치,馳
치,熾
치,跱
치,淄
치,峙
치,雉
치,卮
치,巵
치,痔
치,褫
치,哆
치,値
치,寘
치,痓
치,菑
치,畤
치,幟
치,蚩
치,阤
치,鵄
치,鴟
치,鴙
치,絺
치,錙
치,緇
치,豸
치,鯔
치,輜
치,緻
치,穉
치,侈
치,薙
치,嗤
치,梔
칙,則
칙,飭
칙,敕
칙,勅
친,親
친,襯
친,藽
친,櫬
친,齔
칠,七
칠,漆
칠,柒
침,針
침,沈
침,侵
침,沉
침,寢
침,浸
침,寖
침,駸
침,棽
침,鍼
침,郴
침,琛
침,砧
침,忱
침,枕
침,椹
침,鋟
칩,蟄
칭,稱
칭,秤
쾌,快
쾌,噲
쾌,夬
타,他
타,打
타,妥
타,墮
타,拖
타,陀
타,惰
타,舵
타,駝
타,沱
타,拕
타,唾
타,佗
타,鴕
타,柁
타,朶
타,躱
타,詫
타,坨
타,跎
타,馱
타,詑
타,咤
타,駞
타,垞
타,橢
타,鼉
타,楕
타,鮀
탁,度
탁,託
탁,托
탁,拆
탁,啄
탁,濁
탁,拓
탁,柝
탁,琢
탁,琸
탁,晫
탁,涿
탁,矺
탁,逴
탁,沰
탁,濯
탁,籜
탁,擢
탁,踔
탁,卓
탁,坼
탁,蘀
탁,度
탁,鐸
탁,倬
탁,槖
탁,拓
탁,橐
탄,彈
탄,誕
탄,坦
탄,嘆
탄,灘
탄,歎
탄,憻
탄,驒
탄,憚
탄,殫
탄,炭
탄,癱
탄,呑
탄,攤
탄,綻
탄,暺
탈,脫
탈,奪
탈,侻
탐,貪
탐,探
탐,嗿
탐,耽
탐,忐
탐,眈
탐,酖
탑,塔
탑,搭
탑,塌
탑,榻
탑,傝
탑,搨
탕,湯
탕,糖
탕,盪
탕,蕩
탕,帑
탕,燙
탕,宕
탕,蘯
탕,碭
탕,糖
태,太
태,台
태,態
태,脫
태,抬
태,胎
태,泰
태,颱
태,珆
태,埭
태,鈦
태,邰
태,孡
태,娧
태,笞
태,怠
태,汰
태,苔
태,兌
태,跆
태,駄
태,駘
태,迨
태,殆
태,鮐
택,擇
택,澤
택,宅
택,宅
택,垞
탱,撐
탱,牚
탱,撑
터,攄
토,討
토,土
토,兔
토,吐
토,兎
톤,噋
톤,瓲
톤,噸
통,統
통,通
통,痛
통,洞
통,桶
통,樋
통,恫
통,慟
통,筒
통,筩
통,洞
퇴,堆
퇴,退
퇴,腿
퇴,槌
퇴,隤
퇴,褪
퇴,頹
투,投
투,套
투,透
투,偸
투,骰
투,渝
투,鬪
투,妬
투,妒
퉁,佟
특,特
특,慝
특,忒
틈,闖
파,把
파,破
파,巴
파,怕
파,罷
파,播
파,波
파,派
파,爬
파,爸
파,婆
파,坡
파,擺
파,頗
파,玻
파,跛
파,耙
파,笆
파,岥
파,芭
파,簸
파,叵
파,菠
파,妑
파,灞
파,琶
파,皤
파,杷
파,葩
파,鄱
판,板
판,版
판,辦
판,判
판,販
판,汴
판,阪
판,坂
판,瓣
판,鈑
팔,八
팔,叭
팔,捌
팔,汃
팔,朳
패,牌
패,敗
패,貝
패,佩
패,霸
패,沛
패,狽
패,旆
패,浿
패,悖
패,唄
패,孛
패,霈
패,稗
패,覇
패,珮
팽,彭
팽,膨
팽,烹
팽,砰
팽,祊
팽,澎
팽,蟛
팽,蟚
퍅,愎
편,便
편,片
편,扁
편,篇
편,編
편,騙
편,遍
편,偏
편,鞭
편,匾
편,徧
편,諞
편,褊
편,惼
편,緶
편,艑
편,蝙
편,翩
편,萹
폄,砭
폄,貶
폄,窆
평,平
평,評
평,坪
평,抨
평,蓱
평,怦
평,枰
평,苹
평,泙
평,萍
평,鮃
폐,廢
폐,幣
폐,敝
폐,閉
폐,吠
폐,肺
폐,斃
폐,蔽
폐,弊
폐,嬖
폐,狴
폐,陛
폐,癈
폐,獘
포,布
포,抱
포,包
포,暴
포,怖
포,泡
포,拋
포,炮
포,飽
포,佈
포,捕
포,胞
포,砲
포,葡
포,鋪
포,袍
포,舖
포,鯆
포,誧
포,儤
포,晡
포,炰
포,鮑
포,抛
포,咆
포,圃
포,庖
포,鉋
포,鞄
포,苞
포,逋
포,浦
포,匏
포,哺
포,褒
포,匍
포,疱
포,暴
포,脯
포,曓
포,餔
포,蒲
폭,暴
폭,幅
폭,爆
폭,曝
폭,瀑
폭,輻
폭,輻
표,表
표,標
표,票
표,飄
표,漂
표,豹
표,僄
표,剽
표,鏢
표,杓
표,鑣
표,驃
표,彪
표,縹
표,飇
표,髟
표,嘌
표,飆
표,熛
표,嫖
표,慓
표,裱
표,殍
표,䏇
표,勡
표,俵
표,摽
표,瓢
표,鰾
품,品
품,稟
품,禀
풍,風
풍,豐
풍,楓
풍,瘋
풍,馮
풍,諷
풍,豊
풍,葑
피,被
피,皮
피,避
피,披
피,彼
피,疲
피,詖
피,鞁
피,陂
피,髲
피,辟
픽,腷
필,必
필,筆
필,畢
필,匹
필,滭
필,觱
필,泌
필,駜
필,蓽
필,佖
필,疋
필,鉍
필,罼
필,篳
필,咇
필,珌
필,韠
필,鞸
필,㪤
필,馝
필,蹕
필,㳼
필,苾
필,鵯
필,弼
핍,乏
핍,逼
핍,偪
하,下
하,何
하,呀
하,夏
하,河
하,荷
하,嚇
하,賀
하,廈
하,岈
하,罅
하,𧬂
하,碬
하,昰
하,鍜
하,瘕
하,瑕
하,㰤
하,抲
하,㗿
하,遐
하,懗
하,鰕
하,赮
하,蝦
하,嘏
하,煆
하,閜
하,霞
하,厦
하,蕸
학,學
학,学
학,鷽
학,确
학,狢
학,謔
학,郝
학,虐
학,嗃
학,瘧
학,鶴
학,壑
학,皬
한,限
한,漢
한,寒
한,恨
한,閒
한,韓
한,汗
한,扞
한,旱
한,邗
한,閑
한,捍
한,駻
한,悍
한,瀚
한,澣
한,翰
한,鷳
한,嫺
한,閈
한,暵
한,鼾
한,罕
한,僩
한,嫻
한,橌
한,𡽜
한,䦥
한,澖
한,忓
할,割
할,瞎
할,轄
함,含
함,函
함,喊
함,涵
함,艦
함,陷
함,鹹
함,啣
함,檻
함,緘
함,諴
함,菡
함,銜
함,咸
함,莟
함,闞
함,轞
합,合
합,哈
합,蛤
합,盒
합,闔
합,柙
합,溘
합,閤
합,榼
합,嗑
합,匌
합,盍
합,陜
합,郃
항,行
항,項
항,缸
항,港
항,恆
항,抗
항,巷
항,航
항,降
항,沆
항,杭
항,夯
항,行
항,伉
항,恒
항,炕
항,肛
항,姮
항,嫦
항,亢
항,頏
항,桁
항,缿
항,降
해,孩
해,海
해,該
해,解
해,害
해,蟹
해,咳
해,楷
해,祄
해,欬
해,薤
해,鮭
해,偕
해,頦
해,奚
해,獬
해,廨
해,駭
해,懈
해,亥
해,邂
해,垓
해,瀣
해,痎
해,咍
해,晐
해,骸
해,澥
해,瑎
해,諧
해,醢
해,嶰
핵,核
핵,覈
핵,翮
핵,劾
행,行
행,幸
행,倖
행,涬
행,悻
행,杏
행,荇
향,向
향,香
향,享
향,響
향,嚮
향,饗
향,鄕
향,晑
향,麘
향,薌
향,珦
향,餉
허,許
허,虛
허,噓
허,墟
허,歔
헌,獻
헌,軒
헌,憲
헌,昍
헌,幰
헌,櫶
헌,䡣
헌,巚
헌,攇
헌,㦥
헐,歇
험,驗
험,險
험,獫
험,嶮
험,玁
혁,嚇
혁,革
혁,侐
혁,弈
혁,𧹽
혁,奕
혁,爀
혁,赫
혁,鬩
혁,洫
혁,焃
혁,焱
현,現
현,見
현,顯
현,賢
현,弦
현,縣
현,玄
현,懸
현,誢
현,絃
현,嬛
현,見
현,昡
현,灦
현,舷
현,翾
현,晛
현,炫
현,娊
현,蜆
현,怰
현,琄
현,泫
현,峴
현,睍
현,駽
현,俔
현,絢
현,䧋
현,顕
현,呟
현,譞
현,鋗
현,県
현,眩
현,儇
현,繯
현,衒
현,痃
현,妶
현,㢺
현,玹
현,㭹
현,鉉
혈,血
혈,頁
혈,穴
혈,趐
혈,孑
혈,絜
혐,嫌
협,叶
협,協
협,俠
협,夾
협,狹
협,脅
협,挾
협,篋
협,鋏
협,峽
협,頰
협,莢
협,匧
협,埉
협,恊
협,浹
협,脇
협,愜
협,悏
협,冾
형,兄
형,形
형,型
형,螢
형,衡
형,亨
형,刑
형,灐
형,瑩
형,娙
형,迥
형,詗
형,荊
형,逈
형,馨
형,泂
형,邢
형,珩
형,夐
형,炯
형,陘
형,滎
형,侀
형,瀅
형,鎣
형,熒
혜,慧
혜,鞋
혜,兮
혜,惠
혜,憓
혜,匸
혜,蕙
혜,謑
혜,彗
혜,盻
혜,暳
혜,槥
혜,䚷
혜,恵
혜,蹊
혜,徯
혜,寭
혜,醯
혜,譿
혜,嘒
혜,傒
혜,鏸
혜,譓
호,好
호,乎
호,號
호,号
호,呼
호,湖
호,護
호,虎
호,互
호,狐
호,浩
호,毫
호,糊
호,豪
호,戶
호,胡
호,蝴
호,弧
호,壺
호,芐
호,芦
호,岵
호,滸
호,晧
호,猢
호,嫭
호,蒿
호,鄗
호,熩
호,儫
호,瓠
호,滬
호,犒
호,瓳
호,濩
호,箎
호,嫮
호,蔰
호,滈
호,祜
호,縞
호,澔
호,鎬
호,嘷
호,瑚
호,頀
호,淏
호,冱
호,琥
호,濠
호,顥
호,醐
호,壕
호,昊
호,皞
호,葫
호,皜
호,皓
호,怙
호,婋
호,沍
호,灝
호,鬍
호,聕
호,餬
호,扈
혹,或
혹,惑
혹,酷
혹,熇
혼,婚
혼,昏
혼,混
혼,魂
혼,焜
혼,俒
혼,圂
혼,惛
혼,䫟
혼,溷
혼,渾
혼,閽
혼,琿
혼,湣
홀,忽
홀,惚
홀,笏
홀,囫
홍,紅
홍,洪
홍,弘
홍,鴻
홍,哄
홍,虹
홍,烘
홍,訌
홍,泓
홍,篊
홍,鉷
홍,晎
홍,汞
홍,澒
홍,鬨
화,和
화,話
화,花
화,畫
화,化
화,華
화,火
화,貨
화,禍
화,禾
화,畵
화,嬅
화,譁
화,龢
화,婲
화,驊
화,俰
화,嘩
화,樺
화,澕
화,靴
화,擭
확,確
확,擴
확,穫
확,矡
확,礭
확,廓
확,矍
확,鑊
확,碻
확,攫
확,廓
환,還
환,換
환,歡
환,環
환,丸
환,幻
환,喚
환,患
환,鍰
환,轘
환,豢
환,晥
환,皖
환,鐶
환,桓
환,渙
환,洹
환,紈
환,瓛
환,寰
환,煥
환,奐
환,擐
환,絙
환,懽
환,鬟
환,圜
환,驩
환,宦
환,睆
환,鰥
활,活
활,闊
활,滑
활,猾
활,濶
활,蛞
활,豁
황,黃
황,凰
황,況
황,皇
황,荒
황,慌
황,惶
황,滉
황,晃
황,怳
황,瑝
황,湟
황,煌
황,璜
황,潢
황,楻
황,隍
황,鎤
황,貺
황,蝗
황,愰
황,榥
황,熀
황,徨
황,堭
황,恍
황,肓
황,喤
황,幌
황,媓
황,簧
황,篁
황,晄
황,遑
회,会
회,會
회,回
회,懷
회,恢
회,灰
회,悔
회,迴
회,繪
회,佪
회,誨
회,徊
회,詼
회,頮
회,洄
회,獪
회,蛔
회,茴
회,澮
회,賄
회,膾
회,栃
회,晦
회,鱠
회,淮
회,匯
회,滙
회,盔
회,檜
회,絵
회,廻
획,画
획,劃
획,獲
획,嚄
횡,橫
횡,黌
횡,澋
횡,鈜
횡,鐄
횡,宖
효,效
효,孝
효,曉
효,斅
효,庨
효,傚
효,虓
효,爻
효,淆
효,歊
효,涍
효,嚆
효,餚
효,肴
효,驍
효,皛
효,洨
효,崤
효,殽
효,哮
효,梟
효,婋
효,窙
효,囂
효,熇
효,謼
효,酵
효,効
효,烋
후,後
후,候
후,厚
후,后
후,侯
후,喉
후,嗅
후,猴
후,吼
후,帿
후,煦
후,餱
후,姁
후,篌
후,詡
후,堠
후,垕
후,譃
후,逅
후,吽
후,酗
후,芋
후,涸
후,喣
후,朽
후,㰭
후,珝
훈,訓
훈,暈
훈,勳
훈,壎
훈,勲
훈,燻
훈,塤
훈,爋
훈,鑂
훈,纁
훈,𤋱
훈,熏
훈,勛
훈,曛
훈,煇
훈,獯
훈,焄
훈,葷
훈,薫
훈,𬟓
훈,薰
훌,欻
훙,薨
훤,喧
훤,煊
훤,暄
훤,諠
훤,諼
훤,萱
훤,愃
훤,昍
훤,烜
훼,毀
훼,燬
훼,毁
훼,芔
훼,𠦄
훼,虺
훼,卉
훼,虫
훼,喙
휘,揮
휘,輝
휘,徽
휘,麾
휘,煒
휘,煇
휘,暉
휘,翬
휘,撝
휘,諱
휘,彙
휴,休
휴,虧
휴,隳
휴,畦
휴,咻
휴,庥
휴,烋
휴,携
휴,擕
휴,髹
휴,鵂
휼,恤
휼,鷸
휼,譎
휼,卹
흉,兇
흉,胸
흉,洶
흉,凶
흉,匈
흉,胷
흉,恟
흑,黑
흔,很
흔,欣
흔,痕
흔,掀
흔,訢
흔,釁
흔,昕
흔,惞
흔,忻
흔,焮
흔,炘
흘,吃
흘,屹
흘,訖
흘,迄
흘,疙
흘,齕
흘,仡
흘,汔
흘,紇
흠,欽
흠,欠
흠,廞
흠,歆
흠,鑫
흡,吸
흡,恰
흡,洽
흡,潝
흡,翖
흡,翕
흡,歙
흡,噏
흥,興
희,喜
희,希
희,嘻
희,戲
희,犧
희,嬉
희,稀
희,唏
희,煕
희,囍
희,戱
희,噫
희,姫
희,曦
희,姬
희,𡅕
희,暿
희,晞
희,禧
희,烯
희,憙
희,凞
희,譆
희,橲
희,熈
희,熙
희,僖
희,俙
희,熹
희,熺
희,羲
희,餼
희,憘
희,燹
희,欷
희,豨
희,㜯
희,咥
희,爔
희,悕
힐,襭
힐,黠
힐,犵
힐,頡
힐,詰
힐,纈
